product,date,regime,tier,spread_target,crude_surprise_mmbbl,surprise_z,driving_season,heating_season,y_actual,y_pred,correct_sign,abs_error,error
CL,2026-03-04,Deep-Backwardation,tier2_physical,m1m2,19496.25,1.277,0,1,2.7194,0.0087,TRUE,2.7106,-2.7106
CL,2026-03-04,Deep-Backwardation,tier2_freight,m1m2,19496.25,1.277,0,1,2.7194,0.0087,TRUE,2.7106,-2.7106
CL,2026-03-04,Deep-Backwardation,tier3_full,m1m2,19496.25,1.277,0,1,2.7194,0.0087,TRUE,2.7106,-2.7106
CL,2026-03-04,Deep-Backwardation,tier2_physical,m2m3,19496.25,1.277,0,1,3.7753,0.0332,TRUE,3.7421,-3.7421
CL,2026-03-04,Deep-Backwardation,tier2_freight,m2m3,19496.25,1.277,0,1,3.7753,0.0332,TRUE,3.7421,-3.7421
CL,2026-03-04,Deep-Backwardation,tier3_full,m2m3,19496.25,1.277,0,1,3.7753,0.004,TRUE,3.7713,-3.7713
CL,2026-03-04,Deep-Backwardation,tier2_physical,m1m6,19496.25,1.277,0,1,12.5078,0.1023,TRUE,12.4056,-12.4056
CL,2026-03-04,Deep-Backwardation,tier2_freight,m1m6,19496.25,1.277,0,1,12.5078,-0.651,FALSE,13.1589,-13.1589
CL,2026-03-04,Deep-Backwardation,tier3_full,m1m6,19496.25,1.277,0,1,12.5078,0.1023,TRUE,12.4056,-12.4056
CL,2026-03-04,Deep-Backwardation,tier2_physical,fly123,19496.25,1.277,0,1,-1.0559,-0.0245,TRUE,1.0314,1.0314
CL,2026-03-04,Deep-Backwardation,tier2_freight,fly123,19496.25,1.277,0,1,-1.0559,-0.0245,TRUE,1.0314,1.0314
CL,2026-03-04,Deep-Backwardation,tier3_full,fly123,19496.25,1.277,0,1,-1.0559,-0.0245,TRUE,1.0314,1.0314
CL,2026-03-04,Deep-Backwardation,tier2_physical,fly136,19496.25,1.277,0,1,0.4815,-0.0184,FALSE,0.4999,-0.4999
CL,2026-03-04,Deep-Backwardation,tier2_freight,fly136,19496.25,1.277,0,1,0.4815,-0.0184,FALSE,0.4999,-0.4999
CL,2026-03-04,Deep-Backwardation,tier3_full,fly136,19496.25,1.277,0,1,0.4815,-0.0184,FALSE,0.4999,-0.4999
CL,2026-03-11,Deep-Backwardation,tier2_physical,m1m2,19114,1.259,0,1,0.7262,0.0087,TRUE,0.7174,-0.7174
CL,2026-03-11,Deep-Backwardation,tier2_freight,m1m2,19114,1.259,0,1,0.7262,0.0087,TRUE,0.7174,-0.7174
CL,2026-03-11,Deep-Backwardation,tier3_full,m1m2,19114,1.259,0,1,0.7262,0.0087,TRUE,0.7174,-0.7174
CL,2026-03-11,Deep-Backwardation,tier2_physical,m2m3,19114,1.259,0,1,1.6931,0.0332,TRUE,1.6599,-1.6599
CL,2026-03-11,Deep-Backwardation,tier2_freight,m2m3,19114,1.259,0,1,1.6931,0.0332,TRUE,1.6599,-1.6599
CL,2026-03-11,Deep-Backwardation,tier3_full,m2m3,19114,1.259,0,1,1.6931,0.0307,TRUE,1.6624,-1.6624
CL,2026-03-11,Deep-Backwardation,tier2_physical,m1m6,19114,1.259,0,1,5.4983,0.1023,TRUE,5.3961,-5.3961
CL,2026-03-11,Deep-Backwardation,tier2_freight,m1m6,19114,1.259,0,1,5.4983,-0.6889,FALSE,6.1873,-6.1873
CL,2026-03-11,Deep-Backwardation,tier3_full,m1m6,19114,1.259,0,1,5.4983,0.1023,TRUE,5.3961,-5.3961
CL,2026-03-11,Deep-Backwardation,tier2_physical,fly123,19114,1.259,0,1,-0.967,-0.0245,TRUE,0.9425,0.9425
CL,2026-03-11,Deep-Backwardation,tier2_freight,fly123,19114,1.259,0,1,-0.967,-0.0245,TRUE,0.9425,0.9425
CL,2026-03-11,Deep-Backwardation,tier3_full,fly123,19114,1.259,0,1,-0.967,-0.0245,TRUE,0.9425,0.9425
CL,2026-03-11,Deep-Backwardation,tier2_physical,fly136,19114,1.259,0,1,-0.6598,-0.0184,TRUE,0.6414,0.6414
CL,2026-03-11,Deep-Backwardation,tier2_freight,fly136,19114,1.259,0,1,-0.6598,-0.0184,TRUE,0.6414,0.6414
CL,2026-03-11,Deep-Backwardation,tier3_full,fly136,19114,1.259,0,1,-0.6598,-0.0184,TRUE,0.6414,0.6414
CL,2026-03-18,Deep-Backwardation,tier2_physical,m1m2,25503,1.557,0,1,0.6108,0.0087,TRUE,0.6021,-0.6021
CL,2026-03-18,Deep-Backwardation,tier2_freight,m1m2,25503,1.557,0,1,0.6108,0.0087,TRUE,0.6021,-0.6021
CL,2026-03-18,Deep-Backwardation,tier3_full,m1m2,25503,1.557,0,1,0.6108,0.0087,TRUE,0.6021,-0.6021
CL,2026-03-18,Deep-Backwardation,tier2_physical,m2m3,25503,1.557,0,1,0.1279,0.0332,TRUE,0.0947,-0.0947
CL,2026-03-18,Deep-Backwardation,tier2_freight,m2m3,25503,1.557,0,1,0.1279,0.0332,TRUE,0.0947,-0.0947
CL,2026-03-18,Deep-Backwardation,tier3_full,m2m3,25503,1.557,0,1,0.1279,0.01,TRUE,0.1178,-0.1178
CL,2026-03-18,Deep-Backwardation,tier2_physical,m1m6,25503,1.557,0,1,1.1949,0.1023,TRUE,1.0926,-1.0926
CL,2026-03-18,Deep-Backwardation,tier2_freight,m1m6,25503,1.557,0,1,1.1949,-1.4908,FALSE,2.6857,-2.6857
CL,2026-03-18,Deep-Backwardation,tier3_full,m1m6,25503,1.557,0,1,1.1949,0.1023,TRUE,1.0926,-1.0926
CL,2026-03-18,Deep-Backwardation,tier2_physical,fly123,25503,1.557,0,1,0.483,-0.0245,FALSE,0.5074,-0.5074
CL,2026-03-18,Deep-Backwardation,tier2_freight,fly123,25503,1.557,0,1,0.483,-0.0245,FALSE,0.5074,-0.5074
CL,2026-03-18,Deep-Backwardation,tier3_full,fly123,25503,1.557,0,1,0.483,-0.0245,FALSE,0.5074,-0.5074
CL,2026-03-18,Deep-Backwardation,tier2_physical,fly136,25503,1.557,0,1,0.2825,-0.0184,FALSE,0.3009,-0.3009
CL,2026-03-18,Deep-Backwardation,tier2_freight,fly136,25503,1.557,0,1,0.2825,-0.0184,FALSE,0.3009,-0.3009
CL,2026-03-18,Deep-Backwardation,tier3_full,fly136,25503,1.557,0,1,0.2825,-0.0184,FALSE,0.3009,-0.3009
CL,2026-03-25,Deep-Backwardation,tier2_physical,m1m2,35304.75,2.015,0,1,2.6554,0.0087,TRUE,2.6466,-2.6466
CL,2026-03-25,Deep-Backwardation,tier2_freight,m1m2,35304.75,2.015,0,1,2.6554,0.0087,TRUE,2.6466,-2.6466
CL,2026-03-25,Deep-Backwardation,tier3_full,m1m2,35304.75,2.015,0,1,2.6554,0.0087,TRUE,2.6466,-2.6466
CL,2026-03-25,Deep-Backwardation,tier2_physical,m2m3,35304.75,2.015,0,1,1.7275,0.0332,TRUE,1.6943,-1.6943
CL,2026-03-25,Deep-Backwardation,tier2_freight,m2m3,35304.75,2.015,0,1,1.7275,0.0332,TRUE,1.6943,-1.6943
CL,2026-03-25,Deep-Backwardation,tier3_full,m2m3,35304.75,2.015,0,1,1.7275,0.0169,TRUE,1.7106,-1.7106
CL,2026-03-25,Deep-Backwardation,tier2_physical,m1m6,35304.75,2.015,0,1,6.9189,0.1023,TRUE,6.8167,-6.8167
CL,2026-03-25,Deep-Backwardation,tier2_freight,m1m6,35304.75,2.015,0,1,6.9189,-1.446,FALSE,8.3649,-8.3649
CL,2026-03-25,Deep-Backwardation,tier3_full,m1m6,35304.75,2.015,0,1,6.9189,0.1023,TRUE,6.8167,-6.8167
CL,2026-03-25,Deep-Backwardation,tier2_physical,fly123,35304.75,2.015,0,1,0.9279,-0.0245,FALSE,0.9523,-0.9523
CL,2026-03-25,Deep-Backwardation,tier2_freight,fly123,35304.75,2.015,0,1,0.9279,-0.0245,FALSE,0.9523,-0.9523
CL,2026-03-25,Deep-Backwardation,tier3_full,fly123,35304.75,2.015,0,1,0.9279,-0.0245,FALSE,0.9523,-0.9523
CL,2026-03-25,Deep-Backwardation,tier2_physical,fly136,35304.75,2.015,0,1,1.8468,-0.0184,FALSE,1.8652,-1.8652
CL,2026-03-25,Deep-Backwardation,tier2_freight,fly136,35304.75,2.015,0,1,1.8468,-0.0184,FALSE,1.8652,-1.8652
CL,2026-03-25,Deep-Backwardation,tier3_full,fly136,35304.75,2.015,0,1,1.8468,-0.0184,FALSE,1.8652,-1.8652
CL,2026-04-01,Deep-Backwardation,tier2_physical,m1m2,34791.25,1.991,0,0,5.5075,0.0087,TRUE,5.4988,-5.4988
CL,2026-04-01,Deep-Backwardation,tier2_freight,m1m2,34791.25,1.991,0,0,5.5075,0.0087,TRUE,5.4988,-5.4988
CL,2026-04-01,Deep-Backwardation,tier3_full,m1m2,34791.25,1.991,0,0,5.5075,0.0087,TRUE,5.4988,-5.4988
CL,2026-04-01,Deep-Backwardation,tier2_physical,m2m3,34791.25,1.991,0,0,3.7695,0.0332,TRUE,3.7363,-3.7363
CL,2026-04-01,Deep-Backwardation,tier2_freight,m2m3,34791.25,1.991,0,0,3.7695,0.0332,TRUE,3.7363,-3.7363
CL,2026-04-01,Deep-Backwardation,tier3_full,m2m3,34791.25,1.991,0,0,3.7695,0.0914,TRUE,3.6781,-3.6781
CL,2026-04-01,Deep-Backwardation,tier2_physical,m1m6,34791.25,1.991,0,0,10.7807,0.1023,TRUE,10.6785,-10.6785
CL,2026-04-01,Deep-Backwardation,tier2_freight,m1m6,34791.25,1.991,0,0,10.7807,-1.1907,FALSE,11.9714,-11.9714
CL,2026-04-01,Deep-Backwardation,tier3_full,m1m6,34791.25,1.991,0,0,10.7807,0.1023,TRUE,10.6785,-10.6785
CL,2026-04-01,Deep-Backwardation,tier2_physical,fly123,34791.25,1.991,0,0,1.738,-0.0245,FALSE,1.7625,-1.7625
CL,2026-04-01,Deep-Backwardation,tier2_freight,fly123,34791.25,1.991,0,0,1.738,-0.0245,FALSE,1.7625,-1.7625
CL,2026-04-01,Deep-Backwardation,tier3_full,fly123,34791.25,1.991,0,0,1.738,-0.0245,FALSE,1.7625,-1.7625
CL,2026-04-01,Deep-Backwardation,tier2_physical,fly136,34791.25,1.991,0,0,7.7733,-0.0184,FALSE,7.7917,-7.7917
CL,2026-04-01,Deep-Backwardation,tier2_freight,fly136,34791.25,1.991,0,0,7.7733,-0.0184,FALSE,7.7917,-7.7917
CL,2026-04-01,Deep-Backwardation,tier3_full,fly136,34791.25,1.991,0,0,7.7733,-0.0184,FALSE,7.7917,-7.7917
CL,2026-04-08,Deep-Backwardation,tier2_physical,m1m2,40589.75,2.261,0,0,-0.1557,0.0087,FALSE,0.1645,0.1645
CL,2026-04-08,Deep-Backwardation,tier2_freight,m1m2,40589.75,2.261,0,0,-0.1557,0.0087,FALSE,0.1645,0.1645
CL,2026-04-08,Deep-Backwardation,tier3_full,m1m2,40589.75,2.261,0,0,-0.1557,0.0087,FALSE,0.1645,0.1645
CL,2026-04-08,Deep-Backwardation,tier2_physical,m2m3,40589.75,2.261,0,0,0.2787,0.0332,TRUE,0.2455,-0.2455
CL,2026-04-08,Deep-Backwardation,tier2_freight,m2m3,40589.75,2.261,0,0,0.2787,0.0332,TRUE,0.2455,-0.2455
CL,2026-04-08,Deep-Backwardation,tier3_full,m2m3,40589.75,2.261,0,0,0.2787,0.0455,TRUE,0.2332,-0.2332
CL,2026-04-08,Deep-Backwardation,tier2_physical,m1m6,40589.75,2.261,0,0,-0.233,0.1023,FALSE,0.3353,0.3353
CL,2026-04-08,Deep-Backwardation,tier2_freight,m1m6,40589.75,2.261,0,0,-0.233,0.537,FALSE,0.77,0.77
CL,2026-04-08,Deep-Backwardation,tier3_full,m1m6,40589.75,2.261,0,0,-0.233,0.1023,FALSE,0.3353,0.3353
CL,2026-04-08,Deep-Backwardation,tier2_physical,fly123,40589.75,2.261,0,0,-0.4344,-0.0245,TRUE,0.41,0.41
CL,2026-04-08,Deep-Backwardation,tier2_freight,fly123,40589.75,2.261,0,0,-0.4344,-0.0245,TRUE,0.41,0.41
CL,2026-04-08,Deep-Backwardation,tier3_full,fly123,40589.75,2.261,0,0,-0.4344,-0.0245,TRUE,0.41,0.41
CL,2026-04-08,Deep-Backwardation,tier2_physical,fly136,40589.75,2.261,0,0,0.479,-0.0184,FALSE,0.4974,-0.4974
CL,2026-04-08,Deep-Backwardation,tier2_freight,fly136,40589.75,2.261,0,0,0.479,-0.0184,FALSE,0.4974,-0.4974
CL,2026-04-08,Deep-Backwardation,tier3_full,fly136,40589.75,2.261,0,0,0.479,-0.0184,FALSE,0.4974,-0.4974
CL,2026-04-15,Deep-Backwardation,tier2_physical,m1m2,25737.25,1.568,0,0,-1.5769,0.0087,FALSE,1.5856,1.5856
CL,2026-04-15,Deep-Backwardation,tier2_freight,m1m2,25737.25,1.568,0,0,-1.5769,0.0087,FALSE,1.5856,1.5856
CL,2026-04-15,Deep-Backwardation,tier3_full,m1m2,25737.25,1.568,0,0,-1.5769,0.0087,FALSE,1.5856,1.5856
CL,2026-04-15,Deep-Backwardation,tier2_physical,m2m3,25737.25,1.568,0,0,-0.375,0.0332,FALSE,0.4082,0.4082
CL,2026-04-15,Deep-Backwardation,tier2_freight,m2m3,25737.25,1.568,0,0,-0.375,0.0332,FALSE,0.4082,0.4082
CL,2026-04-15,Deep-Backwardation,tier3_full,m2m3,25737.25,1.568,0,0,-0.375,0.098,FALSE,0.473,0.473
CL,2026-04-15,Deep-Backwardation,tier2_physical,m1m6,25737.25,1.568,0,0,-2.8769,0.1023,FALSE,2.9792,2.9792
CL,2026-04-15,Deep-Backwardation,tier2_freight,m1m6,25737.25,1.568,0,0,-2.8769,-4.3979,TRUE,1.521,-1.521
CL,2026-04-15,Deep-Backwardation,tier3_full,m1m6,25737.25,1.568,0,0,-2.8769,0.1023,FALSE,2.9792,2.9792
CL,2026-04-15,Deep-Backwardation,tier2_physical,fly123,25737.25,1.568,0,0,-1.2019,-0.0245,TRUE,1.1774,1.1774
CL,2026-04-15,Deep-Backwardation,tier2_freight,fly123,25737.25,1.568,0,0,-1.2019,-0.0245,TRUE,1.1774,1.1774
CL,2026-04-15,Deep-Backwardation,tier3_full,fly123,25737.25,1.568,0,0,-1.2019,-0.0245,TRUE,1.1774,1.1774
CL,2026-04-15,Deep-Backwardation,tier2_physical,fly136,25737.25,1.568,0,0,-1.0269,-0.0184,TRUE,1.0085,1.0085
CL,2026-04-15,Deep-Backwardation,tier2_freight,fly136,25737.25,1.568,0,0,-1.0269,-0.0184,TRUE,1.0085,1.0085
CL,2026-04-15,Deep-Backwardation,tier3_full,fly136,25737.25,1.568,0,0,-1.0269,-0.0184,TRUE,1.0085,1.0085
CL,2026-04-22,Deep-Backwardation,tier2_physical,m1m2,16922.75,1.157,0,0,0.4442,0.0087,TRUE,0.4354,-0.4354
CL,2026-04-22,Deep-Backwardation,tier2_freight,m1m2,16922.75,1.157,0,0,0.4442,0.0087,TRUE,0.4354,-0.4354
CL,2026-04-22,Deep-Backwardation,tier3_full,m1m2,16922.75,1.157,0,0,0.4442,0.0087,TRUE,0.4354,-0.4354
CL,2026-04-22,Deep-Backwardation,tier2_physical,m2m3,16922.75,1.157,0,0,0.1908,0.0332,TRUE,0.1576,-0.1576
CL,2026-04-22,Deep-Backwardation,tier2_freight,m2m3,16922.75,1.157,0,0,0.1908,0.0332,TRUE,0.1576,-0.1576
CL,2026-04-22,Deep-Backwardation,tier3_full,m2m3,16922.75,1.157,0,0,0.1908,0.0489,TRUE,0.1419,-0.1419
CL,2026-04-22,Deep-Backwardation,tier2_physical,m1m6,16922.75,1.157,0,0,1.1562,0.1023,TRUE,1.0539,-1.0539
CL,2026-04-22,Deep-Backwardation,tier2_freight,m1m6,16922.75,1.157,0,0,1.1562,0.2691,TRUE,0.887,-0.887
CL,2026-04-22,Deep-Backwardation,tier3_full,m1m6,16922.75,1.157,0,0,1.1562,0.1023,TRUE,1.0539,-1.0539
CL,2026-04-22,Deep-Backwardation,tier2_physical,fly123,16922.75,1.157,0,0,0.2533,-0.0245,FALSE,0.2778,-0.2778
CL,2026-04-22,Deep-Backwardation,tier2_freight,fly123,16922.75,1.157,0,0,0.2533,-0.0245,FALSE,0.2778,-0.2778
CL,2026-04-22,Deep-Backwardation,tier3_full,fly123,16922.75,1.157,0,0,0.2533,-0.0245,FALSE,0.2778,-0.2778
CL,2026-04-22,Deep-Backwardation,tier2_physical,fly136,16922.75,1.157,0,0,0.1138,-0.0184,FALSE,0.1322,-0.1322
CL,2026-04-22,Deep-Backwardation,tier2_freight,fly136,16922.75,1.157,0,0,0.1138,-0.0184,FALSE,0.1322,-0.1322
CL,2026-04-22,Deep-Backwardation,tier3_full,fly136,16922.75,1.157,0,0,0.1138,-0.0184,FALSE,0.1322,-0.1322
CL,2026-04-29,Deep-Backwardation,tier2_physical,m1m2,-169.75,0.36,0,0,-1.5075,0.0087,FALSE,1.5162,1.5162
CL,2026-04-29,Deep-Backwardation,tier2_freight,m1m2,-169.75,0.36,0,0,-1.5075,0.0087,FALSE,1.5162,1.5162
CL,2026-04-29,Deep-Backwardation,tier3_full,m1m2,-169.75,0.36,0,0,-1.5075,0.0087,FALSE,1.5162,1.5162
CL,2026-04-29,Deep-Backwardation,tier2_physical,m2m3,-169.75,0.36,0,0,-1.3555,0.0332,FALSE,1.3887,1.3887
CL,2026-04-29,Deep-Backwardation,tier2_freight,m2m3,-169.75,0.36,0,0,-1.3555,0.0332,FALSE,1.3887,1.3887
CL,2026-04-29,Deep-Backwardation,tier3_full,m2m3,-169.75,0.36,0,0,-1.3555,0.0533,FALSE,1.4088,1.4088
CL,2026-04-29,Deep-Backwardation,tier2_physical,m1m6,-169.75,0.36,0,0,-5.1517,0.1023,FALSE,5.2539,5.2539
CL,2026-04-29,Deep-Backwardation,tier2_freight,m1m6,-169.75,0.36,0,0,-5.1517,3.3378,FALSE,8.4895,8.4895
CL,2026-04-29,Deep-Backwardation,tier3_full,m1m6,-169.75,0.36,0,0,-5.1517,0.1023,FALSE,5.2539,5.2539
CL,2026-04-29,Deep-Backwardation,tier2_physical,fly123,-169.75,0.36,0,0,-0.152,-0.0245,TRUE,0.1275,0.1275
CL,2026-04-29,Deep-Backwardation,tier2_freight,fly123,-169.75,0.36,0,0,-0.152,-0.0245,TRUE,0.1275,0.1275
CL,2026-04-29,Deep-Backwardation,tier3_full,fly123,-169.75,0.36,0,0,-0.152,-0.0245,TRUE,0.1275,0.1275
CL,2026-04-29,Deep-Backwardation,tier2_physical,fly136,-169.75,0.36,0,0,-0.5743,-0.0184,TRUE,0.556,0.556
CL,2026-04-29,Deep-Backwardation,tier2_freight,fly136,-169.75,0.36,0,0,-0.5743,-0.0184,TRUE,0.556,0.556
CL,2026-04-29,Deep-Backwardation,tier3_full,fly136,-169.75,0.36,0,0,-0.5743,-0.0184,TRUE,0.556,0.556
CL,2026-05-06,Deep-Backwardation,tier2_physical,m1m2,-13280,-0.252,1,0,-0.1517,0.0087,FALSE,0.1604,0.1604
CL,2026-05-06,Deep-Backwardation,tier2_freight,m1m2,-13280,-0.252,1,0,-0.1517,0.0087,FALSE,0.1604,0.1604
CL,2026-05-06,Deep-Backwardation,tier3_full,m1m2,-13280,-0.252,1,0,-0.1517,0.0087,FALSE,0.1604,0.1604
CL,2026-05-06,Deep-Backwardation,tier2_physical,m2m3,-13280,-0.252,1,0,-0.0977,0.0332,FALSE,0.1309,0.1309
CL,2026-05-06,Deep-Backwardation,tier2_freight,m2m3,-13280,-0.252,1,0,-0.0977,0.0332,FALSE,0.1309,0.1309
CL,2026-05-06,Deep-Backwardation,tier3_full,m2m3,-13280,-0.252,1,0,-0.0977,0.0683,FALSE,0.166,0.166
CL,2026-05-06,Deep-Backwardation,tier2_physical,m1m6,-13280,-0.252,1,0,-1.8657,0.1023,FALSE,1.9679,1.9679
CL,2026-05-06,Deep-Backwardation,tier2_freight,m1m6,-13280,-0.252,1,0,-1.8657,5.2813,FALSE,7.1469,7.1469
CL,2026-05-06,Deep-Backwardation,tier3_full,m1m6,-13280,-0.252,1,0,-1.8657,0.1023,FALSE,1.9679,1.9679
CL,2026-05-06,Deep-Backwardation,tier2_physical,fly123,-13280,-0.252,1,0,-0.0539,-0.0245,TRUE,0.0295,0.0295
CL,2026-05-06,Deep-Backwardation,tier2_freight,fly123,-13280,-0.252,1,0,-0.0539,-0.0245,TRUE,0.0295,0.0295
CL,2026-05-06,Deep-Backwardation,tier3_full,fly123,-13280,-0.252,1,0,-0.0539,-0.0245,TRUE,0.0295,0.0295
CL,2026-05-06,Deep-Backwardation,tier2_physical,fly136,-13280,-0.252,1,0,1.3669,-0.0184,FALSE,1.3853,-1.3853
CL,2026-05-06,Deep-Backwardation,tier2_freight,fly136,-13280,-0.252,1,0,1.3669,-0.0184,FALSE,1.3853,-1.3853
CL,2026-05-06,Deep-Backwardation,tier3_full,fly136,-13280,-0.252,1,0,1.3669,-0.0184,FALSE,1.3853,-1.3853
CL,2026-05-13,Deep-Backwardation,tier2_physical,m1m2,-32924.5,-1.168,1,0,0.0861,0.0087,TRUE,0.0774,-0.0774
CL,2026-05-13,Deep-Backwardation,tier2_freight,m1m2,-32924.5,-1.168,1,0,0.0861,0.0087,TRUE,0.0774,-0.0774
CL,2026-05-13,Deep-Backwardation,tier3_full,m1m2,-32924.5,-1.168,1,0,0.0861,0.0087,TRUE,0.0774,-0.0774
CL,2026-05-13,Deep-Backwardation,tier2_physical,m2m3,-32924.5,-1.168,1,0,0.4976,0.0332,TRUE,0.4644,-0.4644
CL,2026-05-13,Deep-Backwardation,tier2_freight,m2m3,-32924.5,-1.168,1,0,0.4976,0.0332,TRUE,0.4644,-0.4644
CL,2026-05-13,Deep-Backwardation,tier3_full,m2m3,-32924.5,-1.168,1,0,0.4976,0.0594,TRUE,0.4383,-0.4383
CL,2026-05-13,Deep-Backwardation,tier2_physical,m1m6,-32924.5,-1.168,1,0,2.3559,0.1023,TRUE,2.2536,-2.2536
CL,2026-05-13,Deep-Backwardation,tier2_freight,m1m6,-32924.5,-1.168,1,0,2.3559,3.1138,TRUE,0.7579,0.7579
CL,2026-05-13,Deep-Backwardation,tier3_full,m1m6,-32924.5,-1.168,1,0,2.3559,0.1023,TRUE,2.2536,-2.2536
CL,2026-05-13,Deep-Backwardation,tier2_physical,fly123,-32924.5,-1.168,1,0,-0.4115,-0.0245,TRUE,0.387,0.387
CL,2026-05-13,Deep-Backwardation,tier2_freight,fly123,-32924.5,-1.168,1,0,-0.4115,-0.0245,TRUE,0.387,0.387
CL,2026-05-13,Deep-Backwardation,tier3_full,fly123,-32924.5,-1.168,1,0,-0.4115,-0.0245,TRUE,0.387,0.387
CL,2026-05-13,Deep-Backwardation,tier2_physical,fly136,-32924.5,-1.168,1,0,-1.1883,-0.0184,TRUE,1.17,1.17
CL,2026-05-13,Deep-Backwardation,tier2_freight,fly136,-32924.5,-1.168,1,0,-1.1883,-0.0184,TRUE,1.17,1.17
CL,2026-05-13,Deep-Backwardation,tier3_full,fly136,-32924.5,-1.168,1,0,-1.1883,-0.0184,TRUE,1.17,1.17
CL,2026-05-20,Easing-Backwardation,tier2_physical,m1m2,-56243.75,-2.255,1,0,-0.8558,-0.0361,TRUE,0.8197,0.8197
CL,2026-05-20,Easing-Backwardation,tier2_freight,m1m2,-56243.75,-2.255,1,0,-0.8558,-0.0361,TRUE,0.8197,0.8197
CL,2026-05-20,Easing-Backwardation,tier3_full,m1m2,-56243.75,-2.255,1,0,-0.8558,-0.0361,TRUE,0.8197,0.8197
CL,2026-05-20,Easing-Backwardation,tier2_physical,m2m3,-56243.75,-2.255,1,0,-0.3972,0.0135,FALSE,0.4108,0.4108
CL,2026-05-20,Easing-Backwardation,tier2_freight,m2m3,-56243.75,-2.255,1,0,-0.3972,0.0135,FALSE,0.4108,0.4108
CL,2026-05-20,Easing-Backwardation,tier3_full,m2m3,-56243.75,-2.255,1,0,-0.3972,0.0135,FALSE,0.4108,0.4108
CL,2026-05-20,Easing-Backwardation,tier2_physical,m1m6,-56243.75,-2.255,1,0,-1.3812,0.048,FALSE,1.4291,1.4291
CL,2026-05-20,Easing-Backwardation,tier2_freight,m1m6,-56243.75,-2.255,1,0,-1.3812,0.048,FALSE,1.4291,1.4291
CL,2026-05-20,Easing-Backwardation,tier3_full,m1m6,-56243.75,-2.255,1,0,-1.3812,0.048,FALSE,1.4291,1.4291
CL,2026-05-20,Easing-Backwardation,tier2_physical,fly123,-56243.75,-2.255,1,0,-0.4586,-0.0497,TRUE,0.4089,0.4089
CL,2026-05-20,Easing-Backwardation,tier2_freight,fly123,-56243.75,-2.255,1,0,-0.4586,-0.0497,TRUE,0.4089,0.4089
CL,2026-05-20,Easing-Backwardation,tier3_full,fly123,-56243.75,-2.255,1,0,-0.4586,-0.0497,TRUE,0.4089,0.4089
CL,2026-05-20,Easing-Backwardation,tier2_physical,fly136,-56243.75,-2.255,1,0,-1.1249,-0.0932,TRUE,1.0317,1.0317
CL,2026-05-20,Easing-Backwardation,tier2_freight,fly136,-56243.75,-2.255,1,0,-1.1249,-0.0932,TRUE,1.0317,1.0317
CL,2026-05-20,Easing-Backwardation,tier3_full,fly136,-56243.75,-2.255,1,0,-1.1249,-0.0932,TRUE,1.0317,1.0317
LCO,2026-03-04,Deep-Backwardation,tier2_physical,m1m2,19496.25,1.277,0,1,2.0307,0.0439,TRUE,1.9867,-1.9867
LCO,2026-03-04,Deep-Backwardation,tier2_freight,m1m2,19496.25,1.277,0,1,2.0307,0.1021,TRUE,1.9286,-1.9286
LCO,2026-03-04,Deep-Backwardation,tier3_full,m1m2,19496.25,1.277,0,1,2.0307,0.1021,TRUE,1.9286,-1.9286
LCO,2026-03-04,Deep-Backwardation,tier2_physical,m2m3,19496.25,1.277,0,1,2.2733,0.0238,TRUE,2.2495,-2.2495
LCO,2026-03-04,Deep-Backwardation,tier2_freight,m2m3,19496.25,1.277,0,1,2.2733,0.1107,TRUE,2.1626,-2.1626
LCO,2026-03-04,Deep-Backwardation,tier3_full,m2m3,19496.25,1.277,0,1,2.2733,0.0432,TRUE,2.2302,-2.2302
LCO,2026-03-04,Deep-Backwardation,tier2_physical,m1m6,19496.25,1.277,0,1,6.9323,0.2247,TRUE,6.7076,-6.7076
LCO,2026-03-04,Deep-Backwardation,tier2_freight,m1m6,19496.25,1.277,0,1,6.9323,-0.2625,FALSE,7.1949,-7.1949
LCO,2026-03-04,Deep-Backwardation,tier3_full,m1m6,19496.25,1.277,0,1,6.9323,0.2247,TRUE,6.7076,-6.7076
LCO,2026-03-04,Deep-Backwardation,tier2_physical,fly123,19496.25,1.277,0,1,-0.2427,0.0589,FALSE,0.3016,0.3016
LCO,2026-03-04,Deep-Backwardation,tier2_freight,fly123,19496.25,1.277,0,1,-0.2427,0.0589,FALSE,0.3016,0.3016
LCO,2026-03-04,Deep-Backwardation,tier3_full,fly123,19496.25,1.277,0,1,-0.2427,0.0589,FALSE,0.3016,0.3016
LCO,2026-03-04,Deep-Backwardation,tier2_physical,fly136,19496.25,1.277,0,1,1.6757,0.0659,TRUE,1.6098,-1.6098
LCO,2026-03-04,Deep-Backwardation,tier2_freight,fly136,19496.25,1.277,0,1,1.6757,0.0659,TRUE,1.6098,-1.6098
LCO,2026-03-04,Deep-Backwardation,tier3_full,fly136,19496.25,1.277,0,1,1.6757,0.083,TRUE,1.5926,-1.5926
LCO,2026-03-11,Deep-Backwardation,tier2_physical,m1m2,19114,1.259,0,1,1.6106,0.0447,TRUE,1.5659,-1.5659
LCO,2026-03-11,Deep-Backwardation,tier2_freight,m1m2,19114,1.259,0,1,1.6106,0.1021,TRUE,1.5084,-1.5084
LCO,2026-03-11,Deep-Backwardation,tier3_full,m1m2,19114,1.259,0,1,1.6106,0.1021,TRUE,1.5084,-1.5084
LCO,2026-03-11,Deep-Backwardation,tier2_physical,m2m3,19114,1.259,0,1,1.5533,0.024,TRUE,1.5293,-1.5293
LCO,2026-03-11,Deep-Backwardation,tier2_freight,m2m3,19114,1.259,0,1,1.5533,0.0943,TRUE,1.459,-1.459
LCO,2026-03-11,Deep-Backwardation,tier3_full,m2m3,19114,1.259,0,1,1.5533,0.0432,TRUE,1.5102,-1.5102
LCO,2026-03-11,Deep-Backwardation,tier2_physical,m1m6,19114,1.259,0,1,5.8347,0.2247,TRUE,5.61,-5.61
LCO,2026-03-11,Deep-Backwardation,tier2_freight,m1m6,19114,1.259,0,1,5.8347,-0.2749,FALSE,6.1097,-6.1097
LCO,2026-03-11,Deep-Backwardation,tier3_full,m1m6,19114,1.259,0,1,5.8347,0.2247,TRUE,5.61,-5.61
LCO,2026-03-11,Deep-Backwardation,tier2_physical,fly123,19114,1.259,0,1,0.0572,0.0589,TRUE,0.0017,0.0017
LCO,2026-03-11,Deep-Backwardation,tier2_freight,fly123,19114,1.259,0,1,0.0572,0.0589,TRUE,0.0017,0.0017
LCO,2026-03-11,Deep-Backwardation,tier3_full,fly123,19114,1.259,0,1,0.0572,0.0589,TRUE,0.0017,0.0017
LCO,2026-03-11,Deep-Backwardation,tier2_physical,fly136,19114,1.259,0,1,0.4931,0.0659,TRUE,0.4272,-0.4272
LCO,2026-03-11,Deep-Backwardation,tier2_freight,fly136,19114,1.259,0,1,0.4931,0.0659,TRUE,0.4272,-0.4272
LCO,2026-03-11,Deep-Backwardation,tier3_full,fly136,19114,1.259,0,1,0.4931,0.049,TRUE,0.444,-0.444
LCO,2026-03-18,Deep-Backwardation,tier2_physical,m1m2,25503,1.557,0,1,0.7908,0.0322,TRUE,0.7587,-0.7587
LCO,2026-03-18,Deep-Backwardation,tier2_freight,m1m2,25503,1.557,0,1,0.7908,0.1021,TRUE,0.6887,-0.6887
LCO,2026-03-18,Deep-Backwardation,tier3_full,m1m2,25503,1.557,0,1,0.7908,0.1021,TRUE,0.6887,-0.6887
LCO,2026-03-18,Deep-Backwardation,tier2_physical,m2m3,25503,1.557,0,1,0.5867,0.0198,TRUE,0.5669,-0.5669
LCO,2026-03-18,Deep-Backwardation,tier2_freight,m2m3,25503,1.557,0,1,0.5867,0.0717,TRUE,0.515,-0.515
LCO,2026-03-18,Deep-Backwardation,tier3_full,m2m3,25503,1.557,0,1,0.5867,0.0432,TRUE,0.5435,-0.5435
LCO,2026-03-18,Deep-Backwardation,tier2_physical,m1m6,25503,1.557,0,1,2.1075,0.2247,TRUE,1.8828,-1.8828
LCO,2026-03-18,Deep-Backwardation,tier2_freight,m1m6,25503,1.557,0,1,2.1075,-0.7145,FALSE,2.822,-2.822
LCO,2026-03-18,Deep-Backwardation,tier3_full,m1m6,25503,1.557,0,1,2.1075,0.2247,TRUE,1.8828,-1.8828
LCO,2026-03-18,Deep-Backwardation,tier2_physical,fly123,25503,1.557,0,1,0.2042,0.0589,TRUE,0.1452,-0.1452
LCO,2026-03-18,Deep-Backwardation,tier2_freight,fly123,25503,1.557,0,1,0.2042,0.0589,TRUE,0.1452,-0.1452
LCO,2026-03-18,Deep-Backwardation,tier3_full,fly123,25503,1.557,0,1,0.2042,0.0589,TRUE,0.1452,-0.1452
LCO,2026-03-18,Deep-Backwardation,tier2_physical,fly136,25503,1.557,0,1,0.6475,0.0659,TRUE,0.5816,-0.5816
LCO,2026-03-18,Deep-Backwardation,tier2_freight,fly136,25503,1.557,0,1,0.6475,0.0659,TRUE,0.5816,-0.5816
LCO,2026-03-18,Deep-Backwardation,tier3_full,fly136,25503,1.557,0,1,0.6475,0.0754,TRUE,0.5721,-0.5721
LCO,2026-03-25,Deep-Backwardation,tier2_physical,m1m2,35304.75,2.015,0,1,2.535,0.013,TRUE,2.522,-2.522
LCO,2026-03-25,Deep-Backwardation,tier2_freight,m1m2,35304.75,2.015,0,1,2.535,0.1021,TRUE,2.4329,-2.4329
LCO,2026-03-25,Deep-Backwardation,tier3_full,m1m2,35304.75,2.015,0,1,2.535,0.1021,TRUE,2.4329,-2.4329
LCO,2026-03-25,Deep-Backwardation,tier2_physical,m2m3,35304.75,2.015,0,1,2.0317,0.0133,TRUE,2.0183,-2.0183
LCO,2026-03-25,Deep-Backwardation,tier2_freight,m2m3,35304.75,2.015,0,1,2.0317,0.2307,TRUE,1.801,-1.801
LCO,2026-03-25,Deep-Backwardation,tier3_full,m2m3,35304.75,2.015,0,1,2.0317,0.0432,TRUE,1.9885,-1.9885
LCO,2026-03-25,Deep-Backwardation,tier2_physical,m1m6,35304.75,2.015,0,1,7.7783,0.2247,TRUE,7.5536,-7.5536
LCO,2026-03-25,Deep-Backwardation,tier2_freight,m1m6,35304.75,2.015,0,1,7.7783,-0.8075,FALSE,8.5859,-8.5859
LCO,2026-03-25,Deep-Backwardation,tier3_full,m1m6,35304.75,2.015,0,1,7.7783,0.2247,TRUE,7.5536,-7.5536
LCO,2026-03-25,Deep-Backwardation,tier2_physical,fly123,35304.75,2.015,0,1,0.5033,0.0589,TRUE,0.4444,-0.4444
LCO,2026-03-25,Deep-Backwardation,tier2_freight,fly123,35304.75,2.015,0,1,0.5033,0.0589,TRUE,0.4444,-0.4444
LCO,2026-03-25,Deep-Backwardation,tier3_full,fly123,35304.75,2.015,0,1,0.5033,0.0589,TRUE,0.4444,-0.4444
LCO,2026-03-25,Deep-Backwardation,tier2_physical,fly136,35304.75,2.015,0,1,1.355,0.0659,TRUE,1.2891,-1.2891
LCO,2026-03-25,Deep-Backwardation,tier2_freight,fly136,35304.75,2.015,0,1,1.355,0.0659,TRUE,1.2891,-1.2891
LCO,2026-03-25,Deep-Backwardation,tier3_full,fly136,35304.75,2.015,0,1,1.355,0.0666,TRUE,1.2884,-1.2884
LCO,2026-04-01,Deep-Backwardation,tier2_physical,m1m2,34791.25,1.991,0,0,3.0817,0.014,TRUE,3.0677,-3.0677
LCO,2026-04-01,Deep-Backwardation,tier2_freight,m1m2,34791.25,1.991,0,0,3.0817,0.1021,TRUE,2.9796,-2.9796
LCO,2026-04-01,Deep-Backwardation,tier3_full,m1m2,34791.25,1.991,0,0,3.0817,0.1021,TRUE,2.9796,-2.9796
LCO,2026-04-01,Deep-Backwardation,tier2_physical,m2m3,34791.25,1.991,0,0,2.8883,0.0137,TRUE,2.8747,-2.8747
LCO,2026-04-01,Deep-Backwardation,tier2_freight,m2m3,34791.25,1.991,0,0,2.8883,0.2622,TRUE,2.6262,-2.6262
LCO,2026-04-01,Deep-Backwardation,tier3_full,m2m3,34791.25,1.991,0,0,2.8883,0.0432,TRUE,2.8452,-2.8452
LCO,2026-04-01,Deep-Backwardation,tier2_physical,m1m6,34791.25,1.991,0,0,9.425,0.2247,TRUE,9.2003,-9.2003
LCO,2026-04-01,Deep-Backwardation,tier2_freight,m1m6,34791.25,1.991,0,0,9.425,-0.6863,FALSE,10.1113,-10.1113
LCO,2026-04-01,Deep-Backwardation,tier3_full,m1m6,34791.25,1.991,0,0,9.425,0.2247,TRUE,9.2003,-9.2003
LCO,2026-04-01,Deep-Backwardation,tier2_physical,fly123,34791.25,1.991,0,0,0.1933,0.0589,TRUE,0.1344,-0.1344
LCO,2026-04-01,Deep-Backwardation,tier2_freight,fly123,34791.25,1.991,0,0,0.1933,0.0589,TRUE,0.1344,-0.1344
LCO,2026-04-01,Deep-Backwardation,tier3_full,fly123,34791.25,1.991,0,0,0.1933,0.0589,TRUE,0.1344,-0.1344
LCO,2026-04-01,Deep-Backwardation,tier2_physical,fly136,34791.25,1.991,0,0,2.515,0.0659,TRUE,2.4491,-2.4491
LCO,2026-04-01,Deep-Backwardation,tier2_freight,fly136,34791.25,1.991,0,0,2.515,0.0659,TRUE,2.4491,-2.4491
LCO,2026-04-01,Deep-Backwardation,tier3_full,fly136,34791.25,1.991,0,0,2.515,0.0327,TRUE,2.4823,-2.4823
LCO,2026-04-08,Deep-Backwardation,tier2_physical,m1m2,40589.75,2.261,0,0,0.0381,0.0026,TRUE,0.0355,-0.0355
LCO,2026-04-08,Deep-Backwardation,tier2_freight,m1m2,40589.75,2.261,0,0,0.0381,0.1021,TRUE,0.064,0.064
LCO,2026-04-08,Deep-Backwardation,tier3_full,m1m2,40589.75,2.261,0,0,0.0381,0.1021,TRUE,0.064,0.064
LCO,2026-04-08,Deep-Backwardation,tier2_physical,m2m3,40589.75,2.261,0,0,-0.6904,0.0098,FALSE,0.7002,0.7002
LCO,2026-04-08,Deep-Backwardation,tier2_freight,m2m3,40589.75,2.261,0,0,-0.6904,0.6079,FALSE,1.2983,1.2983
LCO,2026-04-08,Deep-Backwardation,tier3_full,m2m3,40589.75,2.261,0,0,-0.6904,0.0432,FALSE,0.7336,0.7336
LCO,2026-04-08,Deep-Backwardation,tier2_physical,m1m6,40589.75,2.261,0,0,-1.7883,0.2247,FALSE,2.013,2.013
LCO,2026-04-08,Deep-Backwardation,tier2_freight,m1m6,40589.75,2.261,0,0,-1.7883,0.0288,FALSE,1.8172,1.8172
LCO,2026-04-08,Deep-Backwardation,tier3_full,m1m6,40589.75,2.261,0,0,-1.7883,0.2247,FALSE,2.013,2.013
LCO,2026-04-08,Deep-Backwardation,tier2_physical,fly123,40589.75,2.261,0,0,0.7285,0.0589,TRUE,0.6696,-0.6696
LCO,2026-04-08,Deep-Backwardation,tier2_freight,fly123,40589.75,2.261,0,0,0.7285,0.0589,TRUE,0.6696,-0.6696
LCO,2026-04-08,Deep-Backwardation,tier3_full,fly123,40589.75,2.261,0,0,0.7285,0.0589,TRUE,0.6696,-0.6696
LCO,2026-04-08,Deep-Backwardation,tier2_physical,fly136,40589.75,2.261,0,0,0.4837,0.0659,TRUE,0.4178,-0.4178
LCO,2026-04-08,Deep-Backwardation,tier2_freight,fly136,40589.75,2.261,0,0,0.4837,0.0659,TRUE,0.4178,-0.4178
LCO,2026-04-08,Deep-Backwardation,tier3_full,fly136,40589.75,2.261,0,0,0.4837,0.0911,TRUE,0.3926,-0.3926
LCO,2026-04-15,Deep-Backwardation,tier2_physical,m1m2,25737.25,1.568,0,0,0.0468,0.0317,TRUE,0.0151,-0.0151
LCO,2026-04-15,Deep-Backwardation,tier2_freight,m1m2,25737.25,1.568,0,0,0.0468,0.1021,TRUE,0.0553,0.0553
LCO,2026-04-15,Deep-Backwardation,tier3_full,m1m2,25737.25,1.568,0,0,0.0468,0.1021,TRUE,0.0553,0.0553
LCO,2026-04-15,Deep-Backwardation,tier2_physical,m2m3,25737.25,1.568,0,0,-0.0067,0.0197,FALSE,0.0263,0.0263
LCO,2026-04-15,Deep-Backwardation,tier2_freight,m2m3,25737.25,1.568,0,0,-0.0067,-0.3465,TRUE,0.3398,-0.3398
LCO,2026-04-15,Deep-Backwardation,tier3_full,m2m3,25737.25,1.568,0,0,-0.0067,0.0432,FALSE,0.0498,0.0498
LCO,2026-04-15,Deep-Backwardation,tier2_physical,m1m6,25737.25,1.568,0,0,-0.0398,0.2247,FALSE,0.2645,0.2645
LCO,2026-04-15,Deep-Backwardation,tier2_freight,m1m6,25737.25,1.568,0,0,-0.0398,-2.0474,TRUE,2.0076,-2.0076
LCO,2026-04-15,Deep-Backwardation,tier3_full,m1m6,25737.25,1.568,0,0,-0.0398,0.2247,FALSE,0.2645,0.2645
LCO,2026-04-15,Deep-Backwardation,tier2_physical,fly123,25737.25,1.568,0,0,0.0535,0.0589,TRUE,0.0054,0.0054
LCO,2026-04-15,Deep-Backwardation,tier2_freight,fly123,25737.25,1.568,0,0,0.0535,0.0589,TRUE,0.0054,0.0054
LCO,2026-04-15,Deep-Backwardation,tier3_full,fly123,25737.25,1.568,0,0,0.0535,0.0589,TRUE,0.0054,0.0054
LCO,2026-04-15,Deep-Backwardation,tier2_physical,fly136,25737.25,1.568,0,0,0.1202,0.0659,TRUE,0.0543,-0.0543
LCO,2026-04-15,Deep-Backwardation,tier2_freight,fly136,25737.25,1.568,0,0,0.1202,0.0659,TRUE,0.0543,-0.0543
LCO,2026-04-15,Deep-Backwardation,tier3_full,fly136,25737.25,1.568,0,0,0.1202,0.0243,TRUE,0.0959,-0.0959
LCO,2026-04-22,Deep-Backwardation,tier2_physical,m1m2,16922.75,1.157,0,0,0.3388,0.049,TRUE,0.2898,-0.2898
LCO,2026-04-22,Deep-Backwardation,tier2_freight,m1m2,16922.75,1.157,0,0,0.3388,0.1021,TRUE,0.2367,-0.2367
LCO,2026-04-22,Deep-Backwardation,tier3_full,m1m2,16922.75,1.157,0,0,0.3388,0.1021,TRUE,0.2367,-0.2367
LCO,2026-04-22,Deep-Backwardation,tier2_physical,m2m3,16922.75,1.157,0,0,0.5028,0.0255,TRUE,0.4773,-0.4773
LCO,2026-04-22,Deep-Backwardation,tier2_freight,m2m3,16922.75,1.157,0,0,0.5028,0.1456,TRUE,0.3572,-0.3572
LCO,2026-04-22,Deep-Backwardation,tier3_full,m2m3,16922.75,1.157,0,0,0.5028,0.0432,TRUE,0.4597,-0.4597
LCO,2026-04-22,Deep-Backwardation,tier2_physical,m1m6,16922.75,1.157,0,0,1.9663,0.2247,TRUE,1.7416,-1.7416
LCO,2026-04-22,Deep-Backwardation,tier2_freight,m1m6,16922.75,1.157,0,0,1.9663,0.1939,TRUE,1.7725,-1.7725
LCO,2026-04-22,Deep-Backwardation,tier3_full,m1m6,16922.75,1.157,0,0,1.9663,0.2247,TRUE,1.7416,-1.7416
LCO,2026-04-22,Deep-Backwardation,tier2_physical,fly123,16922.75,1.157,0,0,-0.164,0.0589,FALSE,0.223,0.223
LCO,2026-04-22,Deep-Backwardation,tier2_freight,fly123,16922.75,1.157,0,0,-0.164,0.0589,FALSE,0.223,0.223
LCO,2026-04-22,Deep-Backwardation,tier3_full,fly123,16922.75,1.157,0,0,-0.164,0.0589,FALSE,0.223,0.223
LCO,2026-04-22,Deep-Backwardation,tier2_physical,fly136,16922.75,1.157,0,0,-0.283,0.0659,FALSE,0.3489,0.3489
LCO,2026-04-22,Deep-Backwardation,tier2_freight,fly136,16922.75,1.157,0,0,-0.283,0.0659,FALSE,0.3489,0.3489
LCO,2026-04-22,Deep-Backwardation,tier3_full,fly136,16922.75,1.157,0,0,-0.283,0.0867,FALSE,0.3697,0.3697
LCO,2026-04-29,Deep-Backwardation,tier2_physical,m1m2,-169.75,0.36,0,0,-2.6167,0.0825,FALSE,2.6992,2.6992
LCO,2026-04-29,Deep-Backwardation,tier2_freight,m1m2,-169.75,0.36,0,0,-2.6167,0.1021,FALSE,2.7188,2.7188
LCO,2026-04-29,Deep-Backwardation,tier3_full,m1m2,-169.75,0.36,0,0,-2.6167,0.1021,FALSE,2.7188,2.7188
LCO,2026-04-29,Deep-Backwardation,tier2_physical,m2m3,-169.75,0.36,0,0,-2.1967,0.0368,FALSE,2.2335,2.2335
LCO,2026-04-29,Deep-Backwardation,tier2_freight,m2m3,-169.75,0.36,0,0,-2.1967,0.3461,FALSE,2.5428,2.5428
LCO,2026-04-29,Deep-Backwardation,tier3_full,m2m3,-169.75,0.36,0,0,-2.1967,0.0432,FALSE,2.2398,2.2398
LCO,2026-04-29,Deep-Backwardation,tier2_physical,m1m6,-169.75,0.36,0,0,-9.2783,0.2247,FALSE,9.503,9.503
LCO,2026-04-29,Deep-Backwardation,tier2_freight,m1m6,-169.75,0.36,0,0,-9.2783,1.7767,FALSE,11.055,11.055
LCO,2026-04-29,Deep-Backwardation,tier3_full,m1m6,-169.75,0.36,0,0,-9.2783,0.2247,FALSE,9.503,9.503
LCO,2026-04-29,Deep-Backwardation,tier2_physical,fly123,-169.75,0.36,0,0,-0.42,0.0589,FALSE,0.4789,0.4789
LCO,2026-04-29,Deep-Backwardation,tier2_freight,fly123,-169.75,0.36,0,0,-0.42,0.0589,FALSE,0.4789,0.4789
LCO,2026-04-29,Deep-Backwardation,tier3_full,fly123,-169.75,0.36,0,0,-0.42,0.0589,FALSE,0.4789,0.4789
LCO,2026-04-29,Deep-Backwardation,tier2_physical,fly136,-169.75,0.36,0,0,-0.3483,0.0659,FALSE,0.4142,0.4142
LCO,2026-04-29,Deep-Backwardation,tier2_freight,fly136,-169.75,0.36,0,0,-0.3483,0.0659,FALSE,0.4142,0.4142
LCO,2026-04-29,Deep-Backwardation,tier3_full,fly136,-169.75,0.36,0,0,-0.3483,0.0812,FALSE,0.4295,0.4295
LCO,2026-05-06,Deep-Backwardation,tier2_physical,m1m2,-13280,-0.252,1,0,-0.8458,0.1082,FALSE,0.954,0.954
LCO,2026-05-06,Deep-Backwardation,tier2_freight,m1m2,-13280,-0.252,1,0,-0.8458,0.1021,FALSE,0.9479,0.9479
LCO,2026-05-06,Deep-Backwardation,tier3_full,m1m2,-13280,-0.252,1,0,-0.8458,0.1021,FALSE,0.9479,0.9479
LCO,2026-05-06,Deep-Backwardation,tier2_physical,m2m3,-13280,-0.252,1,0,-0.8917,0.0455,FALSE,0.9372,0.9372
LCO,2026-05-06,Deep-Backwardation,tier2_freight,m2m3,-13280,-0.252,1,0,-0.8917,0.4222,FALSE,1.3139,1.3139
LCO,2026-05-06,Deep-Backwardation,tier3_full,m2m3,-13280,-0.252,1,0,-0.8917,0.0432,FALSE,0.9348,0.9348
LCO,2026-05-06,Deep-Backwardation,tier2_physical,m1m6,-13280,-0.252,1,0,-3.0508,0.2247,FALSE,3.2755,3.2755
LCO,2026-05-06,Deep-Backwardation,tier2_freight,m1m6,-13280,-0.252,1,0,-3.0508,2.8166,FALSE,5.8675,5.8675
LCO,2026-05-06,Deep-Backwardation,tier3_full,m1m6,-13280,-0.252,1,0,-3.0508,0.2247,FALSE,3.2755,3.2755
LCO,2026-05-06,Deep-Backwardation,tier2_physical,fly123,-13280,-0.252,1,0,0.0458,0.0589,TRUE,0.0131,0.0131
LCO,2026-05-06,Deep-Backwardation,tier2_freight,fly123,-13280,-0.252,1,0,0.0458,0.0589,TRUE,0.0131,0.0131
LCO,2026-05-06,Deep-Backwardation,tier3_full,fly123,-13280,-0.252,1,0,0.0458,0.0589,TRUE,0.0131,0.0131
LCO,2026-05-06,Deep-Backwardation,tier2_physical,fly136,-13280,-0.252,1,0,-0.4242,0.0659,FALSE,0.4901,0.4901
LCO,2026-05-06,Deep-Backwardation,tier2_freight,fly136,-13280,-0.252,1,0,-0.4242,0.0659,FALSE,0.4901,0.4901
LCO,2026-05-06,Deep-Backwardation,tier3_full,fly136,-13280,-0.252,1,0,-0.4242,0.0621,FALSE,0.4862,0.4862
LCO,2026-05-13,Deep-Backwardation,tier2_physical,m1m2,-32924.5,-1.168,1,0,0.3861,0.1467,TRUE,0.2394,-0.2394
LCO,2026-05-13,Deep-Backwardation,tier2_freight,m1m2,-32924.5,-1.168,1,0,0.3861,0.1021,TRUE,0.284,-0.284
LCO,2026-05-13,Deep-Backwardation,tier3_full,m1m2,-32924.5,-1.168,1,0,0.3861,0.1021,TRUE,0.284,-0.284
LCO,2026-05-13,Deep-Backwardation,tier2_physical,m2m3,-32924.5,-1.168,1,0,0.525,0.0585,TRUE,0.4665,-0.4665
LCO,2026-05-13,Deep-Backwardation,tier2_freight,m2m3,-32924.5,-1.168,1,0,0.525,-0.0253,FALSE,0.5503,-0.5503
LCO,2026-05-13,Deep-Backwardation,tier3_full,m2m3,-32924.5,-1.168,1,0,0.525,0.0432,TRUE,0.4818,-0.4818
LCO,2026-05-13,Deep-Backwardation,tier2_physical,m1m6,-32924.5,-1.168,1,0,2.1361,0.2247,TRUE,1.9114,-1.9114
LCO,2026-05-13,Deep-Backwardation,tier2_freight,m1m6,-32924.5,-1.168,1,0,2.1361,1.9588,TRUE,0.1773,-0.1773
LCO,2026-05-13,Deep-Backwardation,tier3_full,m1m6,-32924.5,-1.168,1,0,2.1361,0.2247,TRUE,1.9114,-1.9114
LCO,2026-05-13,Deep-Backwardation,tier2_physical,fly123,-32924.5,-1.168,1,0,-0.1389,0.0589,FALSE,0.1978,0.1978
LCO,2026-05-13,Deep-Backwardation,tier2_freight,fly123,-32924.5,-1.168,1,0,-0.1389,0.0589,FALSE,0.1978,0.1978
LCO,2026-05-13,Deep-Backwardation,tier3_full,fly123,-32924.5,-1.168,1,0,-0.1389,0.0589,FALSE,0.1978,0.1978
LCO,2026-05-13,Deep-Backwardation,tier2_physical,fly136,-32924.5,-1.168,1,0,-0.3139,0.0659,FALSE,0.3798,0.3798
LCO,2026-05-13,Deep-Backwardation,tier2_freight,fly136,-32924.5,-1.168,1,0,-0.3139,0.0659,FALSE,0.3798,0.3798
LCO,2026-05-13,Deep-Backwardation,tier3_full,fly136,-32924.5,-1.168,1,0,-0.3139,0.0735,FALSE,0.3873,0.3873
LCO,2026-05-20,Easing-Backwardation,tier2_physical,m1m2,-56243.75,-2.255,1,0,-0.5229,0.0204,FALSE,0.5433,0.5433
LCO,2026-05-20,Easing-Backwardation,tier2_freight,m1m2,-56243.75,-2.255,1,0,-0.5229,0.0204,FALSE,0.5433,0.5433
LCO,2026-05-20,Easing-Backwardation,tier3_full,m1m2,-56243.75,-2.255,1,0,-0.5229,0.166,FALSE,0.6889,0.6889
LCO,2026-05-20,Easing-Backwardation,tier2_physical,m2m3,-56243.75,-2.255,1,0,-0.3258,0.0406,FALSE,0.3664,0.3664
LCO,2026-05-20,Easing-Backwardation,tier2_freight,m2m3,-56243.75,-2.255,1,0,-0.3258,0.0406,FALSE,0.3664,0.3664
LCO,2026-05-20,Easing-Backwardation,tier3_full,m2m3,-56243.75,-2.255,1,0,-0.3258,0.0406,FALSE,0.3664,0.3664
LCO,2026-05-20,Easing-Backwardation,tier2_physical,m1m6,-56243.75,-2.255,1,0,-1.0467,0.261,FALSE,1.3077,1.3077
LCO,2026-05-20,Easing-Backwardation,tier2_freight,m1m6,-56243.75,-2.255,1,0,-1.0467,0.1643,FALSE,1.211,1.211
LCO,2026-05-20,Easing-Backwardation,tier3_full,m1m6,-56243.75,-2.255,1,0,-1.0467,0.2258,FALSE,1.2725,1.2725
LCO,2026-05-20,Easing-Backwardation,tier2_physical,fly123,-56243.75,-2.255,1,0,-0.1972,-0.0203,TRUE,0.1769,0.1769
LCO,2026-05-20,Easing-Backwardation,tier2_freight,fly123,-56243.75,-2.255,1,0,-0.1972,-0.0203,TRUE,0.1769,0.1769
LCO,2026-05-20,Easing-Backwardation,tier3_full,fly123,-56243.75,-2.255,1,0,-0.1972,-0.0156,TRUE,0.1816,0.1816
LCO,2026-05-20,Easing-Backwardation,tier2_physical,fly136,-56243.75,-2.255,1,0,-0.6507,0.004,FALSE,0.6547,0.6547
LCO,2026-05-20,Easing-Backwardation,tier2_freight,fly136,-56243.75,-2.255,1,0,-0.6507,0.004,FALSE,0.6547,0.6547
LCO,2026-05-20,Easing-Backwardation,tier3_full,fly136,-56243.75,-2.255,1,0,-0.6507,0.4143,FALSE,1.065,1.065
HO,2026-03-04,Deep-Backwardation,tier2_physical,m1m2,19496.25,1.277,0,1,3.1591,1.1982,TRUE,1.9609,-1.9609
HO,2026-03-04,Deep-Backwardation,tier2_freight,m1m2,19496.25,1.277,0,1,3.1591,1.1711,TRUE,1.988,-1.988
HO,2026-03-04,Deep-Backwardation,tier3_full,m1m2,19496.25,1.277,0,1,3.1591,1.247,TRUE,1.9121,-1.9121
HO,2026-03-04,Deep-Backwardation,tier2_physical,m2m3,19496.25,1.277,0,1,2.9225,0.2941,TRUE,2.6284,-2.6284
HO,2026-03-04,Deep-Backwardation,tier2_freight,m2m3,19496.25,1.277,0,1,2.9225,0.0268,TRUE,2.8957,-2.8957
HO,2026-03-04,Deep-Backwardation,tier3_full,m2m3,19496.25,1.277,0,1,2.9225,0.2535,TRUE,2.669,-2.669
HO,2026-03-04,Deep-Backwardation,tier2_physical,m1m6,19496.25,1.277,0,1,10.5896,1.336,TRUE,9.2536,-9.2536
HO,2026-03-04,Deep-Backwardation,tier2_freight,m1m6,19496.25,1.277,0,1,10.5896,1.2969,TRUE,9.2927,-9.2927
HO,2026-03-04,Deep-Backwardation,tier3_full,m1m6,19496.25,1.277,0,1,10.5896,1.3898,TRUE,9.1998,-9.1998
HO,2026-03-04,Deep-Backwardation,tier2_physical,fly123,19496.25,1.277,0,1,0.2366,0.9009,TRUE,0.6643,0.6643
HO,2026-03-04,Deep-Backwardation,tier2_freight,fly123,19496.25,1.277,0,1,0.2366,0.9388,TRUE,0.7022,0.7022
HO,2026-03-04,Deep-Backwardation,tier3_full,fly123,19496.25,1.277,0,1,0.2366,0.9723,TRUE,0.7357,0.7357
HO,2026-03-04,Deep-Backwardation,tier2_physical,fly136,19496.25,1.277,0,1,1.5736,1.6495,TRUE,0.0759,0.0759
HO,2026-03-04,Deep-Backwardation,tier2_freight,fly136,19496.25,1.277,0,1,1.5736,0.0065,TRUE,1.5671,-1.5671
HO,2026-03-04,Deep-Backwardation,tier3_full,fly136,19496.25,1.277,0,1,1.5736,1.6584,TRUE,0.0848,0.0848
HO,2026-03-11,Deep-Backwardation,tier2_physical,m1m2,19114,1.259,0,1,1.7525,1.1983,TRUE,0.5541,-0.5541
HO,2026-03-11,Deep-Backwardation,tier2_freight,m1m2,19114,1.259,0,1,1.7525,1.1721,TRUE,0.5803,-0.5803
HO,2026-03-11,Deep-Backwardation,tier3_full,m1m2,19114,1.259,0,1,1.7525,1.2409,TRUE,0.5116,-0.5116
HO,2026-03-11,Deep-Backwardation,tier2_physical,m2m3,19114,1.259,0,1,1.2481,0.2941,TRUE,0.954,-0.954
HO,2026-03-11,Deep-Backwardation,tier2_freight,m2m3,19114,1.259,0,1,1.2481,0.0728,TRUE,1.1753,-1.1753
HO,2026-03-11,Deep-Backwardation,tier3_full,m2m3,19114,1.259,0,1,1.2481,0.2516,TRUE,0.9965,-0.9965
HO,2026-03-11,Deep-Backwardation,tier2_physical,m1m6,19114,1.259,0,1,6.5164,1.3361,TRUE,5.1802,-5.1802
HO,2026-03-11,Deep-Backwardation,tier2_freight,m1m6,19114,1.259,0,1,6.5164,1.2995,TRUE,5.2168,-5.2168
HO,2026-03-11,Deep-Backwardation,tier3_full,m1m6,19114,1.259,0,1,6.5164,1.3831,TRUE,5.1333,-5.1333
HO,2026-03-11,Deep-Backwardation,tier2_physical,fly123,19114,1.259,0,1,0.5043,0.9009,TRUE,0.3966,0.3966
HO,2026-03-11,Deep-Backwardation,tier2_freight,fly123,19114,1.259,0,1,0.5043,0.9291,TRUE,0.4248,0.4248
HO,2026-03-11,Deep-Backwardation,tier3_full,fly123,19114,1.259,0,1,0.5043,0.9668,TRUE,0.4625,0.4625
HO,2026-03-11,Deep-Backwardation,tier2_physical,fly136,19114,1.259,0,1,-0.5153,1.6495,FALSE,2.1648,2.1648
HO,2026-03-11,Deep-Backwardation,tier2_freight,fly136,19114,1.259,0,1,-0.5153,0.2955,FALSE,0.8108,0.8108
HO,2026-03-11,Deep-Backwardation,tier3_full,fly136,19114,1.259,0,1,-0.5153,1.6507,FALSE,2.166,2.166
HO,2026-03-18,Deep-Backwardation,tier2_physical,m1m2,25503,1.557,0,1,6.209,1.1968,TRUE,5.0122,-5.0122
HO,2026-03-18,Deep-Backwardation,tier2_freight,m1m2,25503,1.557,0,1,6.209,1.167,TRUE,5.042,-5.042
HO,2026-03-18,Deep-Backwardation,tier3_full,m1m2,25503,1.557,0,1,6.209,1.2452,TRUE,4.9638,-4.9638
HO,2026-03-18,Deep-Backwardation,tier2_physical,m2m3,25503,1.557,0,1,0.6853,0.294,TRUE,0.3913,-0.3913
HO,2026-03-18,Deep-Backwardation,tier2_freight,m2m3,25503,1.557,0,1,0.6853,0.1221,TRUE,0.5632,-0.5632
HO,2026-03-18,Deep-Backwardation,tier3_full,m2m3,25503,1.557,0,1,0.6853,0.252,TRUE,0.4333,-0.4333
HO,2026-03-18,Deep-Backwardation,tier2_physical,m1m6,25503,1.557,0,1,6.8884,1.3333,TRUE,5.555,-5.555
HO,2026-03-18,Deep-Backwardation,tier2_freight,m1m6,25503,1.557,0,1,6.8884,1.2942,TRUE,5.5941,-5.5941
HO,2026-03-18,Deep-Backwardation,tier3_full,m1m6,25503,1.557,0,1,6.8884,1.3868,TRUE,5.5016,-5.5016
HO,2026-03-18,Deep-Backwardation,tier2_physical,fly123,25503,1.557,0,1,5.5237,0.9009,TRUE,4.6228,-4.6228
HO,2026-03-18,Deep-Backwardation,tier2_freight,fly123,25503,1.557,0,1,5.5237,0.9123,TRUE,4.6114,-4.6114
HO,2026-03-18,Deep-Backwardation,tier3_full,fly123,25503,1.557,0,1,5.5237,0.9711,TRUE,4.5526,-4.5526
HO,2026-03-18,Deep-Backwardation,tier2_physical,fly136,25503,1.557,0,1,6.9003,1.65,TRUE,5.2503,-5.2503
HO,2026-03-18,Deep-Backwardation,tier2_freight,fly136,25503,1.557,0,1,6.9003,0.5777,TRUE,6.3225,-6.3225
HO,2026-03-18,Deep-Backwardation,tier3_full,fly136,25503,1.557,0,1,6.9003,1.6564,TRUE,5.2439,-5.2439
HO,2026-03-25,Deep-Backwardation,tier2_physical,m1m2,35304.75,2.015,0,1,2.4115,1.1944,TRUE,1.2171,-1.2171
HO,2026-03-25,Deep-Backwardation,tier2_freight,m1m2,35304.75,2.015,0,1,2.4115,1.1639,TRUE,1.2476,-1.2476
HO,2026-03-25,Deep-Backwardation,tier3_full,m1m2,35304.75,2.015,0,1,2.4115,1.2443,TRUE,1.1672,-1.1672
HO,2026-03-25,Deep-Backwardation,tier2_physical,m2m3,35304.75,2.015,0,1,4.3081,0.2938,TRUE,4.0143,-4.0143
HO,2026-03-25,Deep-Backwardation,tier2_freight,m2m3,35304.75,2.015,0,1,4.3081,-0.3113,FALSE,4.6194,-4.6194
HO,2026-03-25,Deep-Backwardation,tier3_full,m2m3,35304.75,2.015,0,1,4.3081,0.2211,TRUE,4.087,-4.087
HO,2026-03-25,Deep-Backwardation,tier2_physical,m1m6,35304.75,2.015,0,1,13.7963,1.329,TRUE,12.4673,-12.4673
HO,2026-03-25,Deep-Backwardation,tier2_freight,m1m6,35304.75,2.015,0,1,13.7963,1.2773,TRUE,12.519,-12.519
HO,2026-03-25,Deep-Backwardation,tier3_full,m1m6,35304.75,2.015,0,1,13.7963,1.3821,TRUE,12.4142,-12.4142
HO,2026-03-25,Deep-Backwardation,tier2_physical,fly123,35304.75,2.015,0,1,-1.8966,0.9009,FALSE,2.7975,2.7975
HO,2026-03-25,Deep-Backwardation,tier2_freight,fly123,35304.75,2.015,0,1,-1.8966,1.01,FALSE,2.9067,2.9067
HO,2026-03-25,Deep-Backwardation,tier3_full,fly123,35304.75,2.015,0,1,-1.8966,0.9837,FALSE,2.8803,2.8803
HO,2026-03-25,Deep-Backwardation,tier2_physical,fly136,35304.75,2.015,0,1,-0.357,1.6507,FALSE,2.0077,2.0077
HO,2026-03-25,Deep-Backwardation,tier2_freight,fly136,35304.75,2.015,0,1,-0.357,-2.1003,TRUE,1.7433,-1.7433
HO,2026-03-25,Deep-Backwardation,tier3_full,fly136,35304.75,2.015,0,1,-0.357,1.6312,FALSE,1.9882,1.9882
HO,2026-04-01,Deep-Backwardation,tier2_physical,m1m2,34791.25,1.991,0,0,11.0782,1.1945,TRUE,9.8837,-9.8837
HO,2026-04-01,Deep-Backwardation,tier2_freight,m1m2,34791.25,1.991,0,0,11.0782,1.1652,TRUE,9.913,-9.913
HO,2026-04-01,Deep-Backwardation,tier3_full,m1m2,34791.25,1.991,0,0,11.0782,1.2398,TRUE,9.8384,-9.8384
HO,2026-04-01,Deep-Backwardation,tier2_physical,m2m3,34791.25,1.991,0,0,2.6416,0.2938,TRUE,2.3478,-2.3478
HO,2026-04-01,Deep-Backwardation,tier2_freight,m2m3,34791.25,1.991,0,0,2.6416,-0.3925,FALSE,3.0341,-3.0341
HO,2026-04-01,Deep-Backwardation,tier3_full,m2m3,34791.25,1.991,0,0,2.6416,0.2082,TRUE,2.4334,-2.4334
HO,2026-04-01,Deep-Backwardation,tier2_physical,m1m6,34791.25,1.991,0,0,15.9958,1.3292,TRUE,14.6666,-14.6666
HO,2026-04-01,Deep-Backwardation,tier2_freight,m1m6,34791.25,1.991,0,0,15.9958,1.2767,TRUE,14.7191,-14.7191
HO,2026-04-01,Deep-Backwardation,tier3_full,m1m6,34791.25,1.991,0,0,15.9958,1.375,TRUE,14.6208,-14.6208
HO,2026-04-01,Deep-Backwardation,tier2_physical,fly123,34791.25,1.991,0,0,8.4366,0.9009,TRUE,7.5357,-7.5357
HO,2026-04-01,Deep-Backwardation,tier2_freight,fly123,34791.25,1.991,0,0,8.4366,1.0303,TRUE,7.4062,-7.4062
HO,2026-04-01,Deep-Backwardation,tier3_full,fly123,34791.25,1.991,0,0,8.4366,0.9848,TRUE,7.4518,-7.4518
HO,2026-04-01,Deep-Backwardation,tier2_physical,fly136,34791.25,1.991,0,0,11.4438,1.6507,TRUE,9.7931,-9.7931
HO,2026-04-01,Deep-Backwardation,tier2_freight,fly136,34791.25,1.991,0,0,11.4438,-2.5941,FALSE,14.038,-14.038
HO,2026-04-01,Deep-Backwardation,tier3_full,fly136,34791.25,1.991,0,0,11.4438,1.6173,TRUE,9.8265,-9.8265
HO,2026-04-08,Deep-Backwardation,tier2_physical,m1m2,40589.75,2.261,0,0,-2.1756,1.1931,FALSE,3.3687,3.3687
HO,2026-04-08,Deep-Backwardation,tier2_freight,m1m2,40589.75,2.261,0,0,-2.1756,1.1734,FALSE,3.349,3.349
HO,2026-04-08,Deep-Backwardation,tier3_full,m1m2,40589.75,2.261,0,0,-2.1756,1.2569,FALSE,3.4325,3.4325
HO,2026-04-08,Deep-Backwardation,tier2_physical,m2m3,40589.75,2.261,0,0,-2.361,0.2937,FALSE,2.6547,2.6547
HO,2026-04-08,Deep-Backwardation,tier2_freight,m2m3,40589.75,2.261,0,0,-2.361,-1.3011,TRUE,1.0599,1.0599
HO,2026-04-08,Deep-Backwardation,tier3_full,m2m3,40589.75,2.261,0,0,-2.361,0.1495,FALSE,2.5105,2.5105
HO,2026-04-08,Deep-Backwardation,tier2_physical,m1m6,40589.75,2.261,0,0,-6.2969,1.3266,FALSE,7.6235,7.6235
HO,2026-04-08,Deep-Backwardation,tier2_freight,m1m6,40589.75,2.261,0,0,-6.2969,1.261,FALSE,7.5578,7.5578
HO,2026-04-08,Deep-Backwardation,tier3_full,m1m6,40589.75,2.261,0,0,-6.2969,1.3847,FALSE,7.6815,7.6815
HO,2026-04-08,Deep-Backwardation,tier2_physical,fly123,40589.75,2.261,0,0,0.1854,0.9009,TRUE,0.7155,0.7155
HO,2026-04-08,Deep-Backwardation,tier2_freight,fly123,40589.75,2.261,0,0,0.1854,1.2506,TRUE,1.0652,1.0652
HO,2026-04-08,Deep-Backwardation,tier3_full,fly123,40589.75,2.261,0,0,0.1854,1.028,TRUE,0.8427,0.8427
HO,2026-04-08,Deep-Backwardation,tier2_physical,fly136,40589.75,2.261,0,0,-2.7763,1.6511,FALSE,4.4274,4.4274
HO,2026-04-08,Deep-Backwardation,tier2_freight,fly136,40589.75,2.261,0,0,-2.7763,-8.1409,TRUE,5.3646,-5.3646
HO,2026-04-08,Deep-Backwardation,tier3_full,fly136,40589.75,2.261,0,0,-2.7763,1.5905,FALSE,4.3667,4.3667
HO,2026-04-15,Deep-Backwardation,tier2_physical,m1m2,25737.25,1.568,0,0,-3.6911,1.1967,FALSE,4.8878,4.8878
HO,2026-04-15,Deep-Backwardation,tier2_freight,m1m2,25737.25,1.568,0,0,-3.6911,1.1531,FALSE,4.8442,4.8442
HO,2026-04-15,Deep-Backwardation,tier3_full,m1m2,25737.25,1.568,0,0,-3.6911,1.2374,FALSE,4.9285,4.9285
HO,2026-04-15,Deep-Backwardation,tier2_physical,m2m3,25737.25,1.568,0,0,-1.6926,0.294,FALSE,1.9866,1.9866
HO,2026-04-15,Deep-Backwardation,tier2_freight,m2m3,25737.25,1.568,0,0,-1.6926,1.2137,FALSE,2.9063,2.9063
HO,2026-04-15,Deep-Backwardation,tier3_full,m2m3,25737.25,1.568,0,0,-1.6926,0.2842,FALSE,1.9768,1.9768
HO,2026-04-15,Deep-Backwardation,tier2_physical,m1m6,25737.25,1.568,0,0,-7.0686,1.3332,FALSE,8.4018,8.4018
HO,2026-04-15,Deep-Backwardation,tier2_freight,m1m6,25737.25,1.568,0,0,-7.0686,1.3078,FALSE,8.3764,8.3764
HO,2026-04-15,Deep-Backwardation,tier3_full,m1m6,25737.25,1.568,0,0,-7.0686,1.3782,FALSE,8.4468,8.4468
HO,2026-04-15,Deep-Backwardation,tier2_physical,fly123,25737.25,1.568,0,0,-1.9985,0.9009,FALSE,2.8994,2.8994
HO,2026-04-15,Deep-Backwardation,tier2_freight,fly123,25737.25,1.568,0,0,-1.9985,0.6434,FALSE,2.6419,2.6419
HO,2026-04-15,Deep-Backwardation,tier3_full,fly123,25737.25,1.568,0,0,-1.9985,0.949,FALSE,2.9475,2.9475
HO,2026-04-15,Deep-Backwardation,tier2_physical,fly136,25737.25,1.568,0,0,-3.6988,1.65,FALSE,5.3488,5.3488
HO,2026-04-15,Deep-Backwardation,tier2_freight,fly136,25737.25,1.568,0,0,-3.6988,7.2232,FALSE,10.922,10.922
HO,2026-04-15,Deep-Backwardation,tier3_full,fly136,25737.25,1.568,0,0,-3.6988,1.6777,FALSE,5.3765,5.3765
HO,2026-04-22,Deep-Backwardation,tier2_physical,m1m2,16922.75,1.157,0,0,-0.6003,1.1989,FALSE,1.7991,1.7991
HO,2026-04-22,Deep-Backwardation,tier2_freight,m1m2,16922.75,1.157,0,0,-0.6003,1.1891,FALSE,1.7893,1.7893
HO,2026-04-22,Deep-Backwardation,tier3_full,m1m2,16922.75,1.157,0,0,-0.6003,1.2589,FALSE,1.8592,1.8592
HO,2026-04-22,Deep-Backwardation,tier2_physical,m2m3,16922.75,1.157,0,0,-7e-04,0.2942,FALSE,0.2949,0.2949
HO,2026-04-22,Deep-Backwardation,tier2_freight,m2m3,16922.75,1.157,0,0,-7e-04,-0.0311,TRUE,0.0304,-0.0304
HO,2026-04-22,Deep-Backwardation,tier3_full,m2m3,16922.75,1.157,0,0,-7e-04,0.2207,FALSE,0.2214,0.2214
HO,2026-04-22,Deep-Backwardation,tier2_physical,m1m6,16922.75,1.157,0,0,-0.5864,1.3371,FALSE,1.9235,1.9235
HO,2026-04-22,Deep-Backwardation,tier2_freight,m1m6,16922.75,1.157,0,0,-0.5864,1.3186,FALSE,1.905,1.905
HO,2026-04-22,Deep-Backwardation,tier3_full,m1m6,16922.75,1.157,0,0,-0.5864,1.3952,FALSE,1.9816,1.9816
HO,2026-04-22,Deep-Backwardation,tier2_physical,fly123,16922.75,1.157,0,0,-0.5996,0.9009,FALSE,1.5005,1.5005
HO,2026-04-22,Deep-Backwardation,tier2_freight,fly123,16922.75,1.157,0,0,-0.5996,0.9713,FALSE,1.5708,1.5708
HO,2026-04-22,Deep-Backwardation,tier3_full,fly123,16922.75,1.157,0,0,-0.5996,0.9988,FALSE,1.5983,1.5983
HO,2026-04-22,Deep-Backwardation,tier2_physical,fly136,16922.75,1.157,0,0,-0.6155,1.6493,FALSE,2.2649,2.2649
HO,2026-04-22,Deep-Backwardation,tier2_freight,fly136,16922.75,1.157,0,0,-0.6155,-0.2462,TRUE,0.3694,0.3694
HO,2026-04-22,Deep-Backwardation,tier3_full,fly136,16922.75,1.157,0,0,-0.6155,1.6483,FALSE,2.2638,2.2638
HO,2026-04-29,Deep-Backwardation,tier2_physical,m1m2,-169.75,0.36,0,0,2.5084,1.203,TRUE,1.3054,-1.3054
HO,2026-04-29,Deep-Backwardation,tier2_freight,m1m2,-169.75,0.36,0,0,2.5084,1.2115,TRUE,1.2969,-1.2969
HO,2026-04-29,Deep-Backwardation,tier3_full,m1m2,-169.75,0.36,0,0,2.5084,1.2662,TRUE,1.2422,-1.2422
HO,2026-04-29,Deep-Backwardation,tier2_physical,m2m3,-169.75,0.36,0,0,-2.031,0.2945,FALSE,2.3256,2.3256
HO,2026-04-29,Deep-Backwardation,tier2_freight,m2m3,-169.75,0.36,0,0,-2.031,-0.5168,TRUE,1.5142,1.5142
HO,2026-04-29,Deep-Backwardation,tier3_full,m2m3,-169.75,0.36,0,0,-2.031,0.1857,FALSE,2.2168,2.2168
HO,2026-04-29,Deep-Backwardation,tier2_physical,m1m6,-169.75,0.36,0,0,-4.0856,1.3447,FALSE,5.4302,5.4302
HO,2026-04-29,Deep-Backwardation,tier2_freight,m1m6,-169.75,0.36,0,0,-4.0856,1.3343,FALSE,5.4198,5.4198
HO,2026-04-29,Deep-Backwardation,tier3_full,m1m6,-169.75,0.36,0,0,-4.0856,1.398,FALSE,5.4836,5.4836
HO,2026-04-29,Deep-Backwardation,tier2_physical,fly123,-169.75,0.36,0,0,4.5395,0.901,TRUE,3.6385,-3.6385
HO,2026-04-29,Deep-Backwardation,tier2_freight,fly123,-169.75,0.36,0,0,4.5395,1.108,TRUE,3.4315,-3.4315
HO,2026-04-29,Deep-Backwardation,tier3_full,fly123,-169.75,0.36,0,0,4.5395,1.0216,TRUE,3.5179,-3.5179
HO,2026-04-29,Deep-Backwardation,tier2_physical,fly136,-169.75,0.36,0,0,5.0403,1.6481,TRUE,3.3923,-3.3923
HO,2026-04-29,Deep-Backwardation,tier2_freight,fly136,-169.75,0.36,0,0,5.0403,-3.1344,FALSE,8.1747,-8.1747
HO,2026-04-29,Deep-Backwardation,tier3_full,fly136,-169.75,0.36,0,0,5.0403,1.6292,TRUE,3.4112,-3.4112
HO,2026-05-06,Easing-Backwardation,tier2_physical,m1m2,-13280,-0.252,1,0,2.2414,-0.0239,FALSE,2.2653,-2.2653
HO,2026-05-06,Easing-Backwardation,tier2_freight,m1m2,-13280,-0.252,1,0,2.2414,-0.0239,FALSE,2.2653,-2.2653
HO,2026-05-06,Easing-Backwardation,tier3_full,m1m2,-13280,-0.252,1,0,2.2414,-0.0239,FALSE,2.2653,-2.2653
HO,2026-05-06,Easing-Backwardation,tier2_physical,m2m3,-13280,-0.252,1,0,1.552,0.0404,TRUE,1.5116,-1.5116
HO,2026-05-06,Easing-Backwardation,tier2_freight,m2m3,-13280,-0.252,1,0,1.552,0.0404,TRUE,1.5116,-1.5116
HO,2026-05-06,Easing-Backwardation,tier3_full,m2m3,-13280,-0.252,1,0,1.552,0.6049,TRUE,0.9472,-0.9472
HO,2026-05-06,Easing-Backwardation,tier2_physical,m1m6,-13280,-0.252,1,0,3.36,0.0576,TRUE,3.3024,-3.3024
HO,2026-05-06,Easing-Backwardation,tier2_freight,m1m6,-13280,-0.252,1,0,3.36,0.0576,TRUE,3.3024,-3.3024
HO,2026-05-06,Easing-Backwardation,tier3_full,m1m6,-13280,-0.252,1,0,3.36,0.0576,TRUE,3.3024,-3.3024
HO,2026-05-06,Easing-Backwardation,tier2_physical,fly123,-13280,-0.252,1,0,0.6894,-0.0643,FALSE,0.7537,-0.7537
HO,2026-05-06,Easing-Backwardation,tier2_freight,fly123,-13280,-0.252,1,0,0.6894,-0.0643,FALSE,0.7537,-0.7537
HO,2026-05-06,Easing-Backwardation,tier3_full,fly123,-13280,-0.252,1,0,0.6894,-0.0643,FALSE,0.7537,-0.7537
HO,2026-05-06,Easing-Backwardation,tier2_physical,fly136,-13280,-0.252,1,0,4.2269,-0.0245,FALSE,4.2514,-4.2514
HO,2026-05-06,Easing-Backwardation,tier2_freight,fly136,-13280,-0.252,1,0,4.2269,-0.0245,FALSE,4.2514,-4.2514
HO,2026-05-06,Easing-Backwardation,tier3_full,fly136,-13280,-0.252,1,0,4.2269,-0.0245,FALSE,4.2514,-4.2514
HO,2026-05-13,Easing-Backwardation,tier2_physical,m1m2,-32924.5,-1.168,1,0,-0.9066,-0.0239,TRUE,0.8827,0.8827
HO,2026-05-13,Easing-Backwardation,tier2_freight,m1m2,-32924.5,-1.168,1,0,-0.9066,-0.0239,TRUE,0.8827,0.8827
HO,2026-05-13,Easing-Backwardation,tier3_full,m1m2,-32924.5,-1.168,1,0,-0.9066,-0.0239,TRUE,0.8827,0.8827
HO,2026-05-13,Easing-Backwardation,tier2_physical,m2m3,-32924.5,-1.168,1,0,0.1611,0.0404,TRUE,0.1207,-0.1207
HO,2026-05-13,Easing-Backwardation,tier2_freight,m2m3,-32924.5,-1.168,1,0,0.1611,0.0404,TRUE,0.1207,-0.1207
HO,2026-05-13,Easing-Backwardation,tier3_full,m2m3,-32924.5,-1.168,1,0,0.1611,0.6495,TRUE,0.4883,0.4883
HO,2026-05-13,Easing-Backwardation,tier2_physical,m1m6,-32924.5,-1.168,1,0,1.2908,0.0576,TRUE,1.2332,-1.2332
HO,2026-05-13,Easing-Backwardation,tier2_freight,m1m6,-32924.5,-1.168,1,0,1.2908,0.0576,TRUE,1.2332,-1.2332
HO,2026-05-13,Easing-Backwardation,tier3_full,m1m6,-32924.5,-1.168,1,0,1.2908,0.0576,TRUE,1.2332,-1.2332
HO,2026-05-13,Easing-Backwardation,tier2_physical,fly123,-32924.5,-1.168,1,0,-1.0678,-0.0643,TRUE,1.0035,1.0035
HO,2026-05-13,Easing-Backwardation,tier2_freight,fly123,-32924.5,-1.168,1,0,-1.0678,-0.0643,TRUE,1.0035,1.0035
HO,2026-05-13,Easing-Backwardation,tier3_full,fly123,-32924.5,-1.168,1,0,-1.0678,-0.0643,TRUE,1.0035,1.0035
HO,2026-05-13,Easing-Backwardation,tier2_physical,fly136,-32924.5,-1.168,1,0,-2.7818,-0.0245,TRUE,2.7573,2.7573
HO,2026-05-13,Easing-Backwardation,tier2_freight,fly136,-32924.5,-1.168,1,0,-2.7818,-0.0245,TRUE,2.7573,2.7573
HO,2026-05-13,Easing-Backwardation,tier3_full,fly136,-32924.5,-1.168,1,0,-2.7818,-0.0245,TRUE,2.7573,2.7573
LGO,2026-03-04,Deep-Backwardation,tier2_physical,m1m2,19496.25,1.277,0,1,4.8378,0.1746,TRUE,4.6632,-4.6632
LGO,2026-03-04,Deep-Backwardation,tier2_freight,m1m2,19496.25,1.277,0,1,4.8378,0.1539,TRUE,4.6839,-4.6839
LGO,2026-03-04,Deep-Backwardation,tier3_full,m1m2,19496.25,1.277,0,1,4.8378,0.1857,TRUE,4.6521,-4.6521
LGO,2026-03-04,Deep-Backwardation,tier2_physical,m2m3,19496.25,1.277,0,1,2.1756,-0.3183,FALSE,2.4939,-2.4939
LGO,2026-03-04,Deep-Backwardation,tier2_freight,m2m3,19496.25,1.277,0,1,2.1756,-0.0169,FALSE,2.1925,-2.1925
LGO,2026-03-04,Deep-Backwardation,tier3_full,m2m3,19496.25,1.277,0,1,2.1756,-0.0167,FALSE,2.1923,-2.1923
LGO,2026-03-04,Deep-Backwardation,tier2_physical,m1m6,19496.25,1.277,0,1,11.0738,-0.0446,FALSE,11.1185,-11.1185
LGO,2026-03-04,Deep-Backwardation,tier2_freight,m1m6,19496.25,1.277,0,1,11.0738,-0.0933,FALSE,11.1671,-11.1671
LGO,2026-03-04,Deep-Backwardation,tier3_full,m1m6,19496.25,1.277,0,1,11.0738,-0.0751,FALSE,11.149,-11.149
LGO,2026-03-04,Deep-Backwardation,tier2_physical,fly123,19496.25,1.277,0,1,2.6622,0.1878,TRUE,2.4744,-2.4744
LGO,2026-03-04,Deep-Backwardation,tier2_freight,fly123,19496.25,1.277,0,1,2.6622,0.1769,TRUE,2.4853,-2.4853
LGO,2026-03-04,Deep-Backwardation,tier3_full,fly123,19496.25,1.277,0,1,2.6622,0.207,TRUE,2.4552,-2.4552
LGO,2026-03-04,Deep-Backwardation,tier2_physical,fly136,19496.25,1.277,0,1,2.953,-0.249,FALSE,3.202,-3.202
LGO,2026-03-04,Deep-Backwardation,tier2_freight,fly136,19496.25,1.277,0,1,2.953,0.3606,TRUE,2.5924,-2.5924
LGO,2026-03-04,Deep-Backwardation,tier3_full,fly136,19496.25,1.277,0,1,2.953,1.2413,TRUE,1.7118,-1.7118
LGO,2026-03-11,Deep-Backwardation,tier2_physical,m1m2,19114,1.259,0,1,7.953,0.1746,TRUE,7.7784,-7.7784
LGO,2026-03-11,Deep-Backwardation,tier2_freight,m1m2,19114,1.259,0,1,7.953,0.1582,TRUE,7.7948,-7.7948
LGO,2026-03-11,Deep-Backwardation,tier3_full,m1m2,19114,1.259,0,1,7.953,0.1949,TRUE,7.7581,-7.7581
LGO,2026-03-11,Deep-Backwardation,tier2_physical,m2m3,19114,1.259,0,1,-0.7315,-0.3159,TRUE,0.4157,0.4157
LGO,2026-03-11,Deep-Backwardation,tier2_freight,m2m3,19114,1.259,0,1,-0.7315,-0.0162,TRUE,0.7153,0.7153
LGO,2026-03-11,Deep-Backwardation,tier3_full,m2m3,19114,1.259,0,1,-0.7315,-0.015,TRUE,0.7165,0.7165
LGO,2026-03-11,Deep-Backwardation,tier2_physical,m1m6,19114,1.259,0,1,-0.8221,-0.0446,TRUE,0.7776,0.7776
LGO,2026-03-11,Deep-Backwardation,tier2_freight,m1m6,19114,1.259,0,1,-0.8221,-0.0858,TRUE,0.7363,0.7363
LGO,2026-03-11,Deep-Backwardation,tier3_full,m1m6,19114,1.259,0,1,-0.8221,-0.0577,TRUE,0.7644,0.7644
LGO,2026-03-11,Deep-Backwardation,tier2_physical,fly123,19114,1.259,0,1,8.6846,0.1878,TRUE,8.4967,-8.4967
LGO,2026-03-11,Deep-Backwardation,tier2_freight,fly123,19114,1.259,0,1,8.6846,0.1799,TRUE,8.5046,-8.5046
LGO,2026-03-11,Deep-Backwardation,tier3_full,fly123,19114,1.259,0,1,8.6846,0.2148,TRUE,8.4697,-8.4697
LGO,2026-03-11,Deep-Backwardation,tier2_physical,fly136,19114,1.259,0,1,15.2651,-0.2468,FALSE,15.5119,-15.5119
LGO,2026-03-11,Deep-Backwardation,tier2_freight,fly136,19114,1.259,0,1,15.2651,0.3632,TRUE,14.9019,-14.9019
LGO,2026-03-11,Deep-Backwardation,tier3_full,fly136,19114,1.259,0,1,15.2651,1.3384,TRUE,13.9267,-13.9267
LGO,2026-03-18,Deep-Backwardation,tier2_physical,m1m2,25503,1.557,0,1,1.6611,0.174,TRUE,1.487,-1.487
LGO,2026-03-18,Deep-Backwardation,tier2_freight,m1m2,25503,1.557,0,1,1.6611,0.1626,TRUE,1.4985,-1.4985
LGO,2026-03-18,Deep-Backwardation,tier3_full,m1m2,25503,1.557,0,1,1.6611,0.2002,TRUE,1.4608,-1.4608
LGO,2026-03-18,Deep-Backwardation,tier2_physical,m2m3,25503,1.557,0,1,0.0503,-0.3565,FALSE,0.4068,-0.4068
LGO,2026-03-18,Deep-Backwardation,tier2_freight,m2m3,25503,1.557,0,1,0.0503,-0.0161,FALSE,0.0665,-0.0665
LGO,2026-03-18,Deep-Backwardation,tier3_full,m2m3,25503,1.557,0,1,0.0503,-0.0151,FALSE,0.0654,-0.0654
LGO,2026-03-18,Deep-Backwardation,tier2_physical,m1m6,25503,1.557,0,1,1.0291,-0.0457,FALSE,1.0747,-1.0747
LGO,2026-03-18,Deep-Backwardation,tier2_freight,m1m6,25503,1.557,0,1,1.0291,-0.0802,FALSE,1.1093,-1.1093
LGO,2026-03-18,Deep-Backwardation,tier3_full,m1m6,25503,1.557,0,1,1.0291,-0.0611,FALSE,1.0901,-1.0901
LGO,2026-03-18,Deep-Backwardation,tier2_physical,fly123,25503,1.557,0,1,1.6107,0.1877,TRUE,1.423,-1.423
LGO,2026-03-18,Deep-Backwardation,tier2_freight,fly123,25503,1.557,0,1,1.6107,0.1838,TRUE,1.4269,-1.4269
LGO,2026-03-18,Deep-Backwardation,tier3_full,fly123,25503,1.557,0,1,1.6107,0.221,TRUE,1.3897,-1.3897
LGO,2026-03-18,Deep-Backwardation,tier2_physical,fly136,25503,1.557,0,1,2.3937,-0.2839,FALSE,2.6776,-2.6776
LGO,2026-03-18,Deep-Backwardation,tier2_freight,fly136,25503,1.557,0,1,2.3937,0.3657,TRUE,2.028,-2.028
LGO,2026-03-18,Deep-Backwardation,tier3_full,fly136,25503,1.557,0,1,2.3937,1.8744,TRUE,0.5193,-0.5193
LGO,2026-03-25,Deep-Backwardation,tier2_physical,m1m2,35304.75,2.015,0,1,6.8792,0.1732,TRUE,6.706,-6.706
LGO,2026-03-25,Deep-Backwardation,tier2_freight,m1m2,35304.75,2.015,0,1,6.8792,0.1186,TRUE,6.7606,-6.7606
LGO,2026-03-25,Deep-Backwardation,tier3_full,m1m2,35304.75,2.015,0,1,6.8792,0.1801,TRUE,6.6991,-6.6991
LGO,2026-03-25,Deep-Backwardation,tier2_physical,m2m3,35304.75,2.015,0,1,5.4586,-0.4188,FALSE,5.8774,-5.8774
LGO,2026-03-25,Deep-Backwardation,tier2_freight,m2m3,35304.75,2.015,0,1,5.4586,-0.0221,FALSE,5.4807,-5.4807
LGO,2026-03-25,Deep-Backwardation,tier3_full,m2m3,35304.75,2.015,0,1,5.4586,-0.0191,FALSE,5.4777,-5.4777
LGO,2026-03-25,Deep-Backwardation,tier2_physical,m1m6,35304.75,2.015,0,1,20.4251,-0.0473,FALSE,20.4724,-20.4724
LGO,2026-03-25,Deep-Backwardation,tier2_freight,m1m6,35304.75,2.015,0,1,20.4251,-0.1538,FALSE,20.5788,-20.5788
LGO,2026-03-25,Deep-Backwardation,tier3_full,m1m6,35304.75,2.015,0,1,20.4251,-0.0971,FALSE,20.5221,-20.5221
LGO,2026-03-25,Deep-Backwardation,tier2_physical,fly123,35304.75,2.015,0,1,1.4206,0.1875,TRUE,1.2331,-1.2331
LGO,2026-03-25,Deep-Backwardation,tier2_freight,fly123,35304.75,2.015,0,1,1.4206,0.1525,TRUE,1.2681,-1.2681
LGO,2026-03-25,Deep-Backwardation,tier3_full,fly123,35304.75,2.015,0,1,1.4206,0.2044,TRUE,1.2162,-1.2162
LGO,2026-03-25,Deep-Backwardation,tier2_physical,fly136,35304.75,2.015,0,1,4.2506,-0.3409,FALSE,4.5914,-4.5914
LGO,2026-03-25,Deep-Backwardation,tier2_freight,fly136,35304.75,2.015,0,1,4.2506,0.3388,TRUE,3.9117,-3.9117
LGO,2026-03-25,Deep-Backwardation,tier3_full,fly136,35304.75,2.015,0,1,4.2506,1.0507,TRUE,3.1999,-3.1999
LGO,2026-04-01,Deep-Backwardation,tier2_physical,m1m2,34791.25,1.991,0,0,5.563,0.1732,TRUE,5.3898,-5.3898
LGO,2026-04-01,Deep-Backwardation,tier2_freight,m1m2,34791.25,1.991,0,0,5.563,0.1105,TRUE,5.4525,-5.4525
LGO,2026-04-01,Deep-Backwardation,tier3_full,m1m2,34791.25,1.991,0,0,5.563,0.1801,TRUE,5.3829,-5.3829
LGO,2026-04-01,Deep-Backwardation,tier2_physical,m2m3,34791.25,1.991,0,0,6.8531,-0.4155,FALSE,7.2686,-7.2686
LGO,2026-04-01,Deep-Backwardation,tier2_freight,m2m3,34791.25,1.991,0,0,6.8531,-0.023,FALSE,6.8761,-6.8761
LGO,2026-04-01,Deep-Backwardation,tier3_full,m2m3,34791.25,1.991,0,0,6.8531,-0.0193,FALSE,6.8724,-6.8724
LGO,2026-04-01,Deep-Backwardation,tier2_physical,m1m6,34791.25,1.991,0,0,23.0973,-0.0473,FALSE,23.1446,-23.1446
LGO,2026-04-01,Deep-Backwardation,tier2_freight,m1m6,34791.25,1.991,0,0,23.0973,-0.1667,FALSE,23.264,-23.264
LGO,2026-04-01,Deep-Backwardation,tier3_full,m1m6,34791.25,1.991,0,0,23.0973,-0.0955,FALSE,23.1929,-23.1929
LGO,2026-04-01,Deep-Backwardation,tier2_physical,fly123,34791.25,1.991,0,0,-1.2901,0.1875,FALSE,1.4776,1.4776
LGO,2026-04-01,Deep-Backwardation,tier2_freight,fly123,34791.25,1.991,0,0,-1.2901,0.1464,FALSE,1.4365,1.4365
LGO,2026-04-01,Deep-Backwardation,tier3_full,fly123,34791.25,1.991,0,0,-1.2901,0.2047,FALSE,1.4947,1.4947
LGO,2026-04-01,Deep-Backwardation,tier2_physical,fly136,34791.25,1.991,0,0,1.7349,-0.3379,FALSE,2.0728,-2.0728
LGO,2026-04-01,Deep-Backwardation,tier2_freight,fly136,34791.25,1.991,0,0,1.7349,0.3339,TRUE,1.401,-1.401
LGO,2026-04-01,Deep-Backwardation,tier3_full,fly136,34791.25,1.991,0,0,1.7349,0.8091,TRUE,0.9258,-0.9258
LGO,2026-04-08,Deep-Backwardation,tier2_physical,m1m2,40589.75,2.261,0,0,-0.5285,0.1727,FALSE,0.7012,0.7012
LGO,2026-04-08,Deep-Backwardation,tier2_freight,m1m2,40589.75,2.261,0,0,-0.5285,0.0185,FALSE,0.547,0.547
LGO,2026-04-08,Deep-Backwardation,tier3_full,m1m2,40589.75,2.261,0,0,-0.5285,0.1149,FALSE,0.6434,0.6434
LGO,2026-04-08,Deep-Backwardation,tier2_physical,m2m3,40589.75,2.261,0,0,0.5705,-0.4524,FALSE,1.0228,-1.0228
LGO,2026-04-08,Deep-Backwardation,tier2_freight,m2m3,40589.75,2.261,0,0,0.5705,-0.0341,FALSE,0.6046,-0.6046
LGO,2026-04-08,Deep-Backwardation,tier3_full,m2m3,40589.75,2.261,0,0,0.5705,-0.0324,FALSE,0.6029,-0.6029
LGO,2026-04-08,Deep-Backwardation,tier2_physical,m1m6,40589.75,2.261,0,0,0.9541,-0.0483,FALSE,1.0024,-1.0024
LGO,2026-04-08,Deep-Backwardation,tier2_freight,m1m6,40589.75,2.261,0,0,0.9541,-0.3157,FALSE,1.2698,-1.2698
LGO,2026-04-08,Deep-Backwardation,tier3_full,m1m6,40589.75,2.261,0,0,0.9541,-0.2136,FALSE,1.1677,-1.1677
LGO,2026-04-08,Deep-Backwardation,tier2_physical,fly123,40589.75,2.261,0,0,-1.099,0.1874,FALSE,1.2864,1.2864
LGO,2026-04-08,Deep-Backwardation,tier2_freight,fly123,40589.75,2.261,0,0,-1.099,0.0786,FALSE,1.1776,1.1776
LGO,2026-04-08,Deep-Backwardation,tier3_full,fly123,40589.75,2.261,0,0,-1.099,0.1511,FALSE,1.2501,1.2501
LGO,2026-04-08,Deep-Backwardation,tier2_physical,fly136,40589.75,2.261,0,0,-0.8702,-0.3716,TRUE,0.4987,0.4987
LGO,2026-04-08,Deep-Backwardation,tier2_freight,fly136,40589.75,2.261,0,0,-0.8702,0.2777,FALSE,1.1479,1.1479
LGO,2026-04-08,Deep-Backwardation,tier3_full,fly136,40589.75,2.261,0,0,-0.8702,-1.1808,TRUE,0.3106,-0.3106
LGO,2026-04-15,Deep-Backwardation,tier2_physical,m1m2,25737.25,1.568,0,0,-5.2148,0.174,FALSE,5.3888,5.3888
LGO,2026-04-15,Deep-Backwardation,tier2_freight,m1m2,25737.25,1.568,0,0,-5.2148,0.272,FALSE,5.4868,5.4868
LGO,2026-04-15,Deep-Backwardation,tier3_full,m1m2,25737.25,1.568,0,0,-5.2148,0.3094,FALSE,5.5242,5.5242
LGO,2026-04-15,Deep-Backwardation,tier2_physical,m2m3,25737.25,1.568,0,0,-2.9888,-0.358,TRUE,2.6308,2.6308
LGO,2026-04-15,Deep-Backwardation,tier2_freight,m2m3,25737.25,1.568,0,0,-2.9888,-0.0033,TRUE,2.9855,2.9855
LGO,2026-04-15,Deep-Backwardation,tier3_full,m2m3,25737.25,1.568,0,0,-2.9888,0,TRUE,2.9888,2.9888
LGO,2026-04-15,Deep-Backwardation,tier2_physical,m1m6,25737.25,1.568,0,0,-9.1342,-0.0457,TRUE,9.0885,9.0885
LGO,2026-04-15,Deep-Backwardation,tier2_freight,m1m6,25737.25,1.568,0,0,-9.1342,0.0958,FALSE,9.23,9.23
LGO,2026-04-15,Deep-Backwardation,tier3_full,m1m6,25737.25,1.568,0,0,-9.1342,0.0718,FALSE,9.206,9.206
LGO,2026-04-15,Deep-Backwardation,tier2_physical,fly123,25737.25,1.568,0,0,-2.226,0.1877,FALSE,2.4136,2.4136
LGO,2026-04-15,Deep-Backwardation,tier2_freight,fly123,25737.25,1.568,0,0,-2.226,0.265,FALSE,2.4909,2.4909
LGO,2026-04-15,Deep-Backwardation,tier3_full,fly123,25737.25,1.568,0,0,-2.226,0.3214,FALSE,2.5473,2.5473
LGO,2026-04-15,Deep-Backwardation,tier2_physical,fly136,25737.25,1.568,0,0,-7.2729,-0.2853,TRUE,6.9877,6.9877
LGO,2026-04-15,Deep-Backwardation,tier2_freight,fly136,25737.25,1.568,0,0,-7.2729,0.4323,FALSE,7.7053,7.7053
LGO,2026-04-15,Deep-Backwardation,tier3_full,fly136,25737.25,1.568,0,0,-7.2729,6.359,FALSE,13.6319,13.6319
LGO,2026-04-22,Deep-Backwardation,tier2_physical,m1m2,16922.75,1.157,0,0,0.7838,0.1748,TRUE,0.609,-0.609
LGO,2026-04-22,Deep-Backwardation,tier2_freight,m1m2,16922.75,1.157,0,0,0.7838,0.1445,TRUE,0.6393,-0.6393
LGO,2026-04-22,Deep-Backwardation,tier3_full,m1m2,16922.75,1.157,0,0,0.7838,0.2004,TRUE,0.5834,-0.5834
LGO,2026-04-22,Deep-Backwardation,tier2_physical,m2m3,16922.75,1.157,0,0,1.1074,-0.3019,FALSE,1.4093,-1.4093
LGO,2026-04-22,Deep-Backwardation,tier2_freight,m2m3,16922.75,1.157,0,0,1.1074,-0.0166,FALSE,1.124,-1.124
LGO,2026-04-22,Deep-Backwardation,tier3_full,m2m3,16922.75,1.157,0,0,1.1074,-0.0167,FALSE,1.1241,-1.1241
LGO,2026-04-22,Deep-Backwardation,tier2_physical,m1m6,16922.75,1.157,0,0,2.6059,-0.0442,FALSE,2.6501,-2.6501
LGO,2026-04-22,Deep-Backwardation,tier2_freight,m1m6,16922.75,1.157,0,0,2.6059,-0.1022,FALSE,2.7081,-2.7081
LGO,2026-04-22,Deep-Backwardation,tier3_full,m1m6,16922.75,1.157,0,0,2.6059,-0.0855,FALSE,2.6914,-2.6914
LGO,2026-04-22,Deep-Backwardation,tier2_physical,fly123,16922.75,1.157,0,0,-0.3236,0.1879,FALSE,0.5115,0.5115
LGO,2026-04-22,Deep-Backwardation,tier2_freight,fly123,16922.75,1.157,0,0,-0.3236,0.1678,FALSE,0.4914,0.4914
LGO,2026-04-22,Deep-Backwardation,tier3_full,fly123,16922.75,1.157,0,0,-0.3236,0.2237,FALSE,0.5473,0.5473
LGO,2026-04-22,Deep-Backwardation,tier2_physical,fly136,16922.75,1.157,0,0,1.1764,-0.2341,FALSE,1.4105,-1.4105
LGO,2026-04-22,Deep-Backwardation,tier2_freight,fly136,16922.75,1.157,0,0,1.1764,0.3544,TRUE,0.822,-0.822
LGO,2026-04-22,Deep-Backwardation,tier3_full,fly136,16922.75,1.157,0,0,1.1764,2.3357,TRUE,1.1593,1.1593
LGO,2026-04-29,Deep-Backwardation,tier2_physical,m1m2,-169.75,0.36,0,0,0.5649,0.1763,TRUE,0.3886,-0.3886
LGO,2026-04-29,Deep-Backwardation,tier2_freight,m1m2,-169.75,0.36,0,0,0.5649,0.0959,TRUE,0.469,-0.469
LGO,2026-04-29,Deep-Backwardation,tier3_full,m1m2,-169.75,0.36,0,0,0.5649,0.1623,TRUE,0.4026,-0.4026
LGO,2026-04-29,Deep-Backwardation,tier2_physical,m2m3,-169.75,0.36,0,0,-0.6376,-0.1933,TRUE,0.4443,0.4443
LGO,2026-04-29,Deep-Backwardation,tier2_freight,m2m3,-169.75,0.36,0,0,-0.6376,-0.0208,TRUE,0.6167,0.6167
LGO,2026-04-29,Deep-Backwardation,tier3_full,m2m3,-169.75,0.36,0,0,-0.6376,-0.0239,TRUE,0.6137,0.6137
LGO,2026-04-29,Deep-Backwardation,tier2_physical,m1m6,-169.75,0.36,0,0,-2.0022,-0.0413,TRUE,1.961,1.961
LGO,2026-04-29,Deep-Backwardation,tier2_freight,m1m6,-169.75,0.36,0,0,-2.0022,-0.1747,TRUE,1.8276,1.8276
LGO,2026-04-29,Deep-Backwardation,tier3_full,m1m6,-169.75,0.36,0,0,-2.0022,-0.1439,TRUE,1.8583,1.8583
LGO,2026-04-29,Deep-Backwardation,tier2_physical,fly123,-169.75,0.36,0,0,1.2025,0.1882,TRUE,1.0142,-1.0142
LGO,2026-04-29,Deep-Backwardation,tier2_freight,fly123,-169.75,0.36,0,0,1.2025,0.1294,TRUE,1.0731,-1.0731
LGO,2026-04-29,Deep-Backwardation,tier3_full,fly123,-169.75,0.36,0,0,1.2025,0.1917,TRUE,1.0108,-1.0108
LGO,2026-04-29,Deep-Backwardation,tier2_physical,fly136,-169.75,0.36,0,0,1.8568,-0.1347,FALSE,1.9916,-1.9916
LGO,2026-04-29,Deep-Backwardation,tier2_freight,fly136,-169.75,0.36,0,0,1.8568,0.3249,TRUE,1.5319,-1.5319
LGO,2026-04-29,Deep-Backwardation,tier3_full,fly136,-169.75,0.36,0,0,1.8568,0.8008,TRUE,1.056,-1.056
LGO,2026-05-06,Easing-Backwardation,tier2_physical,m1m2,-13280,-0.252,1,0,-2.198,0.0381,FALSE,2.236,2.236
LGO,2026-05-06,Easing-Backwardation,tier2_freight,m1m2,-13280,-0.252,1,0,-2.198,0.5134,FALSE,2.7114,2.7114
LGO,2026-05-06,Easing-Backwardation,tier3_full,m1m2,-13280,-0.252,1,0,-2.198,4.4508,FALSE,6.6488,6.6488
LGO,2026-05-06,Easing-Backwardation,tier2_physical,m2m3,-13280,-0.252,1,0,-0.1957,0.0428,FALSE,0.2385,0.2385
LGO,2026-05-06,Easing-Backwardation,tier2_freight,m2m3,-13280,-0.252,1,0,-0.1957,0.0428,FALSE,0.2385,0.2385
LGO,2026-05-06,Easing-Backwardation,tier3_full,m2m3,-13280,-0.252,1,0,-0.1957,0.0402,FALSE,0.2359,0.2359
LGO,2026-05-06,Easing-Backwardation,tier2_physical,m1m6,-13280,-0.252,1,0,-2.3406,0.2084,FALSE,2.549,2.549
LGO,2026-05-06,Easing-Backwardation,tier2_freight,m1m6,-13280,-0.252,1,0,-2.3406,0.2084,FALSE,2.549,2.549
LGO,2026-05-06,Easing-Backwardation,tier3_full,m1m6,-13280,-0.252,1,0,-2.3406,3.3717,FALSE,5.7123,5.7123
LGO,2026-05-06,Easing-Backwardation,tier2_physical,fly123,-13280,-0.252,1,0,-2.0022,-0.0047,TRUE,1.9975,1.9975
LGO,2026-05-06,Easing-Backwardation,tier2_freight,fly123,-13280,-0.252,1,0,-2.0022,1.0468,FALSE,3.049,3.049
LGO,2026-05-06,Easing-Backwardation,tier3_full,fly123,-13280,-0.252,1,0,-2.0022,0.7284,FALSE,2.7306,2.7306
LGO,2026-05-06,Easing-Backwardation,tier2_physical,fly136,-13280,-0.252,1,0,-2.4469,-0.0467,TRUE,2.4002,2.4002
LGO,2026-05-06,Easing-Backwardation,tier2_freight,fly136,-13280,-0.252,1,0,-2.4469,1.1084,FALSE,3.5553,3.5553
LGO,2026-05-06,Easing-Backwardation,tier3_full,fly136,-13280,-0.252,1,0,-2.4469,-0.0467,TRUE,2.4002,2.4002
LGO,2026-05-13,Easing-Backwardation,tier2_physical,m1m2,-32924.5,-1.168,1,0,0.604,0.0381,TRUE,0.566,-0.566
LGO,2026-05-13,Easing-Backwardation,tier2_freight,m1m2,-32924.5,-1.168,1,0,0.604,-0.0638,FALSE,0.6678,-0.6678
LGO,2026-05-13,Easing-Backwardation,tier3_full,m1m2,-32924.5,-1.168,1,0,0.604,-0.9237,FALSE,1.5277,-1.5277
LGO,2026-05-13,Easing-Backwardation,tier2_physical,m2m3,-32924.5,-1.168,1,0,0.7617,0.0428,TRUE,0.719,-0.719
LGO,2026-05-13,Easing-Backwardation,tier2_freight,m2m3,-32924.5,-1.168,1,0,0.7617,0.0428,TRUE,0.719,-0.719
LGO,2026-05-13,Easing-Backwardation,tier3_full,m2m3,-32924.5,-1.168,1,0,0.7617,0.0754,TRUE,0.6864,-0.6864
LGO,2026-05-13,Easing-Backwardation,tier2_physical,m1m6,-32924.5,-1.168,1,0,2.4161,0.2084,TRUE,2.2077,-2.2077
LGO,2026-05-13,Easing-Backwardation,tier2_freight,m1m6,-32924.5,-1.168,1,0,2.4161,0.2084,TRUE,2.2077,-2.2077
LGO,2026-05-13,Easing-Backwardation,tier3_full,m1m6,-32924.5,-1.168,1,0,2.4161,-0.5059,FALSE,2.922,-2.922
LGO,2026-05-13,Easing-Backwardation,tier2_physical,fly123,-32924.5,-1.168,1,0,-0.1577,-0.0047,TRUE,0.153,0.153
LGO,2026-05-13,Easing-Backwardation,tier2_freight,fly123,-32924.5,-1.168,1,0,-0.1577,-0.23,TRUE,0.0723,-0.0723
LGO,2026-05-13,Easing-Backwardation,tier3_full,fly123,-32924.5,-1.168,1,0,-0.1577,-0.1618,TRUE,0.0041,-0.0041
LGO,2026-05-13,Easing-Backwardation,tier2_physical,fly136,-32924.5,-1.168,1,0,0.3154,-0.0467,FALSE,0.3621,-0.3621
LGO,2026-05-13,Easing-Backwardation,tier2_freight,fly136,-32924.5,-1.168,1,0,0.3154,-0.2942,FALSE,0.6097,-0.6097
LGO,2026-05-13,Easing-Backwardation,tier3_full,fly136,-32924.5,-1.168,1,0,0.3154,-0.0467,FALSE,0.3621,-0.3621
