product,date,regime,tier,spread_target,surprise_z,y_actual,y_pred,correct_sign,abs_error,error
CL,2026-03-04,Deep-Backwardation,tier2_physical,m1m2,1.277,2.7194,0.0087,TRUE,2.7106,-2.7106
CL,2026-03-04,Deep-Backwardation,tier2_freight,m1m2,1.277,2.7194,0.0087,TRUE,2.7106,-2.7106
CL,2026-03-04,Deep-Backwardation,tier3_full,m1m2,1.277,2.7194,0.0087,TRUE,2.7106,-2.7106
CL,2026-03-04,Deep-Backwardation,tier2_physical,m2m3,1.277,3.7753,-0.0176,FALSE,3.7929,-3.7929
CL,2026-03-04,Deep-Backwardation,tier2_freight,m2m3,1.277,3.7753,-0.1661,FALSE,3.9414,-3.9414
CL,2026-03-04,Deep-Backwardation,tier3_full,m2m3,1.277,3.7753,0.0168,TRUE,3.7585,-3.7585
CL,2026-03-04,Deep-Backwardation,tier2_physical,m1m6,1.277,12.5078,0.1023,TRUE,12.4056,-12.4056
CL,2026-03-04,Deep-Backwardation,tier2_freight,m1m6,1.277,12.5078,0.1023,TRUE,12.4056,-12.4056
CL,2026-03-04,Deep-Backwardation,tier3_full,m1m6,1.277,12.5078,0.1023,TRUE,12.4056,-12.4056
CL,2026-03-04,Deep-Backwardation,tier2_physical,fly123,1.277,-1.0559,-0.0245,TRUE,1.0314,1.0314
CL,2026-03-04,Deep-Backwardation,tier2_freight,fly123,1.277,-1.0559,-0.0245,TRUE,1.0314,1.0314
CL,2026-03-04,Deep-Backwardation,tier3_full,fly123,1.277,-1.0559,-0.0245,TRUE,1.0314,1.0314
CL,2026-03-04,Deep-Backwardation,tier2_physical,fly136,1.277,0.4815,-0.0184,FALSE,0.4999,-0.4999
CL,2026-03-04,Deep-Backwardation,tier2_freight,fly136,1.277,0.4815,0.0099,TRUE,0.4716,-0.4716
CL,2026-03-04,Deep-Backwardation,tier3_full,fly136,1.277,0.4815,-0.0184,FALSE,0.4999,-0.4999
CL,2026-03-11,Deep-Backwardation,tier2_physical,m1m2,1.259,0.7262,0.0087,TRUE,0.7174,-0.7174
CL,2026-03-11,Deep-Backwardation,tier2_freight,m1m2,1.259,0.7262,0.0087,TRUE,0.7174,-0.7174
CL,2026-03-11,Deep-Backwardation,tier3_full,m1m2,1.259,0.7262,0.0087,TRUE,0.7174,-0.7174
CL,2026-03-11,Deep-Backwardation,tier2_physical,m2m3,1.259,1.6931,-0.0165,FALSE,1.7097,-1.7097
CL,2026-03-11,Deep-Backwardation,tier2_freight,m2m3,1.259,1.6931,-0.1693,FALSE,1.8624,-1.8624
CL,2026-03-11,Deep-Backwardation,tier3_full,m2m3,1.259,1.6931,0.0284,TRUE,1.6647,-1.6647
CL,2026-03-11,Deep-Backwardation,tier2_physical,m1m6,1.259,5.4983,0.1023,TRUE,5.3961,-5.3961
CL,2026-03-11,Deep-Backwardation,tier2_freight,m1m6,1.259,5.4983,0.1023,TRUE,5.3961,-5.3961
CL,2026-03-11,Deep-Backwardation,tier3_full,m1m6,1.259,5.4983,0.1023,TRUE,5.3961,-5.3961
CL,2026-03-11,Deep-Backwardation,tier2_physical,fly123,1.259,-0.967,-0.0245,TRUE,0.9425,0.9425
CL,2026-03-11,Deep-Backwardation,tier2_freight,fly123,1.259,-0.967,-0.0245,TRUE,0.9425,0.9425
CL,2026-03-11,Deep-Backwardation,tier3_full,fly123,1.259,-0.967,-0.0245,TRUE,0.9425,0.9425
CL,2026-03-11,Deep-Backwardation,tier2_physical,fly136,1.259,-0.6598,-0.0184,TRUE,0.6414,0.6414
CL,2026-03-11,Deep-Backwardation,tier2_freight,fly136,1.259,-0.6598,0.0083,FALSE,0.668,0.668
CL,2026-03-11,Deep-Backwardation,tier3_full,fly136,1.259,-0.6598,-0.0184,TRUE,0.6414,0.6414
CL,2026-03-18,Deep-Backwardation,tier2_physical,m1m2,1.557,0.6108,0.0087,TRUE,0.6021,-0.6021
CL,2026-03-18,Deep-Backwardation,tier2_freight,m1m2,1.557,0.6108,0.0087,TRUE,0.6021,-0.6021
CL,2026-03-18,Deep-Backwardation,tier3_full,m1m2,1.557,0.6108,0.0087,TRUE,0.6021,-0.6021
CL,2026-03-18,Deep-Backwardation,tier2_physical,m2m3,1.557,0.1279,-0.034,FALSE,0.1619,-0.1619
CL,2026-03-18,Deep-Backwardation,tier2_freight,m2m3,1.557,0.1279,-0.315,FALSE,0.4428,-0.4428
CL,2026-03-18,Deep-Backwardation,tier3_full,m2m3,1.557,0.1279,0.0194,TRUE,0.1085,-0.1085
CL,2026-03-18,Deep-Backwardation,tier2_physical,m1m6,1.557,1.1949,0.1023,TRUE,1.0926,-1.0926
CL,2026-03-18,Deep-Backwardation,tier2_freight,m1m6,1.557,1.1949,0.1023,TRUE,1.0926,-1.0926
CL,2026-03-18,Deep-Backwardation,tier3_full,m1m6,1.557,1.1949,0.1023,TRUE,1.0926,-1.0926
CL,2026-03-18,Deep-Backwardation,tier2_physical,fly123,1.557,0.483,-0.0245,FALSE,0.5074,-0.5074
CL,2026-03-18,Deep-Backwardation,tier2_freight,fly123,1.557,0.483,-0.0245,FALSE,0.5074,-0.5074
CL,2026-03-18,Deep-Backwardation,tier3_full,fly123,1.557,0.483,-0.0245,FALSE,0.5074,-0.5074
CL,2026-03-18,Deep-Backwardation,tier2_physical,fly136,1.557,0.2825,-0.0184,FALSE,0.3009,-0.3009
CL,2026-03-18,Deep-Backwardation,tier2_freight,fly136,1.557,0.2825,0.0057,TRUE,0.2768,-0.2768
CL,2026-03-18,Deep-Backwardation,tier3_full,fly136,1.557,0.2825,-0.0184,FALSE,0.3009,-0.3009
CL,2026-03-25,Deep-Backwardation,tier2_physical,m1m2,2.015,2.6554,0.0087,TRUE,2.6466,-2.6466
CL,2026-03-25,Deep-Backwardation,tier2_freight,m1m2,2.015,2.6554,0.0087,TRUE,2.6466,-2.6466
CL,2026-03-25,Deep-Backwardation,tier3_full,m1m2,2.015,2.6554,0.0087,TRUE,2.6466,-2.6466
CL,2026-03-25,Deep-Backwardation,tier2_physical,m2m3,2.015,1.7275,-0.0608,FALSE,1.7883,-1.7883
CL,2026-03-25,Deep-Backwardation,tier2_freight,m2m3,2.015,1.7275,-0.3405,FALSE,2.068,-2.068
CL,2026-03-25,Deep-Backwardation,tier3_full,m2m3,2.015,1.7275,0.0224,TRUE,1.7051,-1.7051
CL,2026-03-25,Deep-Backwardation,tier2_physical,m1m6,2.015,6.9189,0.1023,TRUE,6.8167,-6.8167
CL,2026-03-25,Deep-Backwardation,tier2_freight,m1m6,2.015,6.9189,0.1023,TRUE,6.8167,-6.8167
CL,2026-03-25,Deep-Backwardation,tier3_full,m1m6,2.015,6.9189,0.1023,TRUE,6.8167,-6.8167
CL,2026-03-25,Deep-Backwardation,tier2_physical,fly123,2.015,0.9279,-0.0245,FALSE,0.9523,-0.9523
CL,2026-03-25,Deep-Backwardation,tier2_freight,fly123,2.015,0.9279,-0.0245,FALSE,0.9523,-0.9523
CL,2026-03-25,Deep-Backwardation,tier3_full,fly123,2.015,0.9279,-0.0245,FALSE,0.9523,-0.9523
CL,2026-03-25,Deep-Backwardation,tier2_physical,fly136,2.015,1.8468,-0.0184,FALSE,1.8652,-1.8652
CL,2026-03-25,Deep-Backwardation,tier2_freight,fly136,2.015,1.8468,0.0079,TRUE,1.8389,-1.8389
CL,2026-03-25,Deep-Backwardation,tier3_full,fly136,2.015,1.8468,-0.0184,FALSE,1.8652,-1.8652
CL,2026-04-01,Deep-Backwardation,tier2_physical,m1m2,1.991,5.5075,0.0087,TRUE,5.4988,-5.4988
CL,2026-04-01,Deep-Backwardation,tier2_freight,m1m2,1.991,5.5075,0.0087,TRUE,5.4988,-5.4988
CL,2026-04-01,Deep-Backwardation,tier3_full,m1m2,1.991,5.5075,0.0087,TRUE,5.4988,-5.4988
CL,2026-04-01,Deep-Backwardation,tier2_physical,m2m3,1.991,3.7695,-0.0594,FALSE,3.8289,-3.8289
CL,2026-04-01,Deep-Backwardation,tier2_freight,m2m3,1.991,3.7695,-0.299,FALSE,4.0685,-4.0685
CL,2026-04-01,Deep-Backwardation,tier3_full,m2m3,1.991,3.7695,0.0661,TRUE,3.7034,-3.7034
CL,2026-04-01,Deep-Backwardation,tier2_physical,m1m6,1.991,10.7807,0.1023,TRUE,10.6785,-10.6785
CL,2026-04-01,Deep-Backwardation,tier2_freight,m1m6,1.991,10.7807,0.1023,TRUE,10.6785,-10.6785
CL,2026-04-01,Deep-Backwardation,tier3_full,m1m6,1.991,10.7807,0.1023,TRUE,10.6785,-10.6785
CL,2026-04-01,Deep-Backwardation,tier2_physical,fly123,1.991,1.738,-0.0245,FALSE,1.7625,-1.7625
CL,2026-04-01,Deep-Backwardation,tier2_freight,fly123,1.991,1.738,-0.0245,FALSE,1.7625,-1.7625
CL,2026-04-01,Deep-Backwardation,tier3_full,fly123,1.991,1.738,-0.0245,FALSE,1.7625,-1.7625
CL,2026-04-01,Deep-Backwardation,tier2_physical,fly136,1.991,7.7733,-0.0184,FALSE,7.7917,-7.7917
CL,2026-04-01,Deep-Backwardation,tier2_freight,fly136,1.991,7.7733,0.0086,TRUE,7.7646,-7.7646
CL,2026-04-01,Deep-Backwardation,tier3_full,fly136,1.991,7.7733,-0.0184,FALSE,7.7917,-7.7917
CL,2026-04-08,Deep-Backwardation,tier2_physical,m1m2,2.261,-0.1557,0.0087,FALSE,0.1645,0.1645
CL,2026-04-08,Deep-Backwardation,tier2_freight,m1m2,2.261,-0.1557,0.0087,FALSE,0.1645,0.1645
CL,2026-04-08,Deep-Backwardation,tier3_full,m1m2,2.261,-0.1557,0.0087,FALSE,0.1645,0.1645
CL,2026-04-08,Deep-Backwardation,tier2_physical,m2m3,2.261,0.2787,-0.0753,FALSE,0.354,-0.354
CL,2026-04-08,Deep-Backwardation,tier2_freight,m2m3,2.261,0.2787,-0.046,FALSE,0.3247,-0.3247
CL,2026-04-08,Deep-Backwardation,tier3_full,m2m3,2.261,0.2787,0.0461,TRUE,0.2326,-0.2326
CL,2026-04-08,Deep-Backwardation,tier2_physical,m1m6,2.261,-0.233,0.1023,FALSE,0.3353,0.3353
CL,2026-04-08,Deep-Backwardation,tier2_freight,m1m6,2.261,-0.233,0.1023,FALSE,0.3353,0.3353
CL,2026-04-08,Deep-Backwardation,tier3_full,m1m6,2.261,-0.233,0.1023,FALSE,0.3353,0.3353
CL,2026-04-08,Deep-Backwardation,tier2_physical,fly123,2.261,-0.4344,-0.0245,TRUE,0.41,0.41
CL,2026-04-08,Deep-Backwardation,tier2_freight,fly123,2.261,-0.4344,-0.0245,TRUE,0.41,0.41
CL,2026-04-08,Deep-Backwardation,tier3_full,fly123,2.261,-0.4344,-0.0245,TRUE,0.41,0.41
CL,2026-04-08,Deep-Backwardation,tier2_physical,fly136,2.261,0.479,-0.0184,FALSE,0.4974,-0.4974
CL,2026-04-08,Deep-Backwardation,tier2_freight,fly136,2.261,0.479,0.0128,TRUE,0.4662,-0.4662
CL,2026-04-08,Deep-Backwardation,tier3_full,fly136,2.261,0.479,-0.0184,FALSE,0.4974,-0.4974
CL,2026-04-15,Deep-Backwardation,tier2_physical,m1m2,1.568,-1.5769,0.0087,FALSE,1.5856,1.5856
CL,2026-04-15,Deep-Backwardation,tier2_freight,m1m2,1.568,-1.5769,0.0087,FALSE,1.5856,1.5856
CL,2026-04-15,Deep-Backwardation,tier3_full,m1m2,1.568,-1.5769,0.0087,FALSE,1.5856,1.5856
CL,2026-04-15,Deep-Backwardation,tier2_physical,m2m3,1.568,-0.375,-0.0347,TRUE,0.3403,0.3403
CL,2026-04-15,Deep-Backwardation,tier2_freight,m2m3,1.568,-0.375,-0.7724,TRUE,0.3974,-0.3974
CL,2026-04-15,Deep-Backwardation,tier3_full,m2m3,1.568,-0.375,0.069,FALSE,0.444,0.444
CL,2026-04-15,Deep-Backwardation,tier2_physical,m1m6,1.568,-2.8769,0.1023,FALSE,2.9792,2.9792
CL,2026-04-15,Deep-Backwardation,tier2_freight,m1m6,1.568,-2.8769,0.1023,FALSE,2.9792,2.9792
CL,2026-04-15,Deep-Backwardation,tier3_full,m1m6,1.568,-2.8769,0.1023,FALSE,2.9792,2.9792
CL,2026-04-15,Deep-Backwardation,tier2_physical,fly123,1.568,-1.2019,-0.0245,TRUE,1.1774,1.1774
CL,2026-04-15,Deep-Backwardation,tier2_freight,fly123,1.568,-1.2019,-0.0245,TRUE,1.1774,1.1774
CL,2026-04-15,Deep-Backwardation,tier3_full,fly123,1.568,-1.2019,-0.0245,TRUE,1.1774,1.1774
CL,2026-04-15,Deep-Backwardation,tier2_physical,fly136,1.568,-1.0269,-0.0184,TRUE,1.0085,1.0085
CL,2026-04-15,Deep-Backwardation,tier2_freight,fly136,1.568,-1.0269,-0.0043,TRUE,1.0227,1.0227
CL,2026-04-15,Deep-Backwardation,tier3_full,fly136,1.568,-1.0269,-0.0184,TRUE,1.0085,1.0085
CL,2026-04-22,Deep-Backwardation,tier2_physical,m1m2,1.157,0.4442,0.0087,TRUE,0.4354,-0.4354
CL,2026-04-22,Deep-Backwardation,tier2_freight,m1m2,1.157,0.4442,0.0087,TRUE,0.4354,-0.4354
CL,2026-04-22,Deep-Backwardation,tier3_full,m1m2,1.157,0.4442,0.0087,TRUE,0.4354,-0.4354
CL,2026-04-22,Deep-Backwardation,tier2_physical,m2m3,1.157,0.1908,-0.0105,FALSE,0.2014,-0.2014
CL,2026-04-22,Deep-Backwardation,tier2_freight,m2m3,1.157,0.1908,0.0049,TRUE,0.186,-0.186
CL,2026-04-22,Deep-Backwardation,tier3_full,m2m3,1.157,0.1908,0.0476,TRUE,0.1432,-0.1432
CL,2026-04-22,Deep-Backwardation,tier2_physical,m1m6,1.157,1.1562,0.1023,TRUE,1.0539,-1.0539
CL,2026-04-22,Deep-Backwardation,tier2_freight,m1m6,1.157,1.1562,0.1023,TRUE,1.0539,-1.0539
CL,2026-04-22,Deep-Backwardation,tier3_full,m1m6,1.157,1.1562,0.1023,TRUE,1.0539,-1.0539
CL,2026-04-22,Deep-Backwardation,tier2_physical,fly123,1.157,0.2533,-0.0245,FALSE,0.2778,-0.2778
CL,2026-04-22,Deep-Backwardation,tier2_freight,fly123,1.157,0.2533,-0.0245,FALSE,0.2778,-0.2778
CL,2026-04-22,Deep-Backwardation,tier3_full,fly123,1.157,0.2533,-0.0245,FALSE,0.2778,-0.2778
CL,2026-04-22,Deep-Backwardation,tier2_physical,fly136,1.157,0.1138,-0.0184,FALSE,0.1322,-0.1322
CL,2026-04-22,Deep-Backwardation,tier2_freight,fly136,1.157,0.1138,-0.0047,FALSE,0.1185,-0.1185
CL,2026-04-22,Deep-Backwardation,tier3_full,fly136,1.157,0.1138,-0.0184,FALSE,0.1322,-0.1322
CL,2026-04-29,Deep-Backwardation,tier2_physical,m1m2,0.36,-1.5075,0.0087,FALSE,1.5162,1.5162
CL,2026-04-29,Deep-Backwardation,tier2_freight,m1m2,0.36,-1.5075,0.0087,FALSE,1.5162,1.5162
CL,2026-04-29,Deep-Backwardation,tier3_full,m1m2,0.36,-1.5075,0.0087,FALSE,1.5162,1.5162
CL,2026-04-29,Deep-Backwardation,tier2_physical,m2m3,0.36,-1.3555,0.0362,FALSE,1.3917,1.3917
CL,2026-04-29,Deep-Backwardation,tier2_freight,m2m3,0.36,-1.3555,0.5425,FALSE,1.898,1.898
CL,2026-04-29,Deep-Backwardation,tier3_full,m2m3,0.36,-1.3555,0.0495,FALSE,1.405,1.405
CL,2026-04-29,Deep-Backwardation,tier2_physical,m1m6,0.36,-5.1517,0.1023,FALSE,5.2539,5.2539
CL,2026-04-29,Deep-Backwardation,tier2_freight,m1m6,0.36,-5.1517,0.1023,FALSE,5.2539,5.2539
CL,2026-04-29,Deep-Backwardation,tier3_full,m1m6,0.36,-5.1517,0.1023,FALSE,5.2539,5.2539
CL,2026-04-29,Deep-Backwardation,tier2_physical,fly123,0.36,-0.152,-0.0245,TRUE,0.1275,0.1275
CL,2026-04-29,Deep-Backwardation,tier2_freight,fly123,0.36,-0.152,-0.0245,TRUE,0.1275,0.1275
CL,2026-04-29,Deep-Backwardation,tier3_full,fly123,0.36,-0.152,-0.0245,TRUE,0.1275,0.1275
CL,2026-04-29,Deep-Backwardation,tier2_physical,fly136,0.36,-0.5743,-0.0184,TRUE,0.556,0.556
CL,2026-04-29,Deep-Backwardation,tier2_freight,fly136,0.36,-0.5743,-0.0013,TRUE,0.5731,0.5731
CL,2026-04-29,Deep-Backwardation,tier3_full,fly136,0.36,-0.5743,-0.0184,TRUE,0.556,0.556
CL,2026-05-06,Deep-Backwardation,tier2_physical,m1m2,-0.252,-0.1517,0.0087,FALSE,0.1604,0.1604
CL,2026-05-06,Deep-Backwardation,tier2_freight,m1m2,-0.252,-0.1517,0.0087,FALSE,0.1604,0.1604
CL,2026-05-06,Deep-Backwardation,tier3_full,m1m2,-0.252,-0.1517,0.0087,FALSE,0.1604,0.1604
CL,2026-05-06,Deep-Backwardation,tier2_physical,m2m3,-0.252,-0.0977,0.0721,FALSE,0.1698,0.1698
CL,2026-05-06,Deep-Backwardation,tier2_freight,m2m3,-0.252,-0.0977,0.8923,FALSE,0.9901,0.9901
CL,2026-05-06,Deep-Backwardation,tier3_full,m2m3,-0.252,-0.0977,0.056,FALSE,0.1538,0.1538
CL,2026-05-06,Deep-Backwardation,tier2_physical,m1m6,-0.252,-1.8657,0.1023,FALSE,1.9679,1.9679
CL,2026-05-06,Deep-Backwardation,tier2_freight,m1m6,-0.252,-1.8657,0.1023,FALSE,1.9679,1.9679
CL,2026-05-06,Deep-Backwardation,tier3_full,m1m6,-0.252,-1.8657,0.1023,FALSE,1.9679,1.9679
CL,2026-05-06,Deep-Backwardation,tier2_physical,fly123,-0.252,-0.0539,-0.0245,TRUE,0.0295,0.0295
CL,2026-05-06,Deep-Backwardation,tier2_freight,fly123,-0.252,-0.0539,-0.0245,TRUE,0.0295,0.0295
CL,2026-05-06,Deep-Backwardation,tier3_full,fly123,-0.252,-0.0539,-0.0245,TRUE,0.0295,0.0295
CL,2026-05-06,Deep-Backwardation,tier2_physical,fly136,-0.252,1.3669,-0.0184,FALSE,1.3853,-1.3853
CL,2026-05-06,Deep-Backwardation,tier2_freight,fly136,-0.252,1.3669,0.0013,TRUE,1.3656,-1.3656
CL,2026-05-06,Deep-Backwardation,tier3_full,fly136,-0.252,1.3669,-0.0184,FALSE,1.3853,-1.3853
CL,2026-05-13,Deep-Backwardation,tier2_physical,m1m2,-1.168,0.0861,0.0087,TRUE,0.0774,-0.0774
CL,2026-05-13,Deep-Backwardation,tier2_freight,m1m2,-1.168,0.0861,0.0087,TRUE,0.0774,-0.0774
CL,2026-05-13,Deep-Backwardation,tier3_full,m1m2,-1.168,0.0861,0.0087,TRUE,0.0774,-0.0774
CL,2026-05-13,Deep-Backwardation,tier2_physical,m2m3,-1.168,0.4976,0.1259,TRUE,0.3718,-0.3718
CL,2026-05-13,Deep-Backwardation,tier2_freight,m2m3,-1.168,0.4976,0.5883,TRUE,0.0907,0.0907
CL,2026-05-13,Deep-Backwardation,tier3_full,m2m3,-1.168,0.4976,0.0521,TRUE,0.4455,-0.4455
CL,2026-05-13,Deep-Backwardation,tier2_physical,m1m6,-1.168,2.3559,0.1023,TRUE,2.2536,-2.2536
CL,2026-05-13,Deep-Backwardation,tier2_freight,m1m6,-1.168,2.3559,0.1023,TRUE,2.2536,-2.2536
CL,2026-05-13,Deep-Backwardation,tier3_full,m1m6,-1.168,2.3559,0.1023,TRUE,2.2536,-2.2536
CL,2026-05-13,Deep-Backwardation,tier2_physical,fly123,-1.168,-0.4115,-0.0245,TRUE,0.387,0.387
CL,2026-05-13,Deep-Backwardation,tier2_freight,fly123,-1.168,-0.4115,-0.0245,TRUE,0.387,0.387
CL,2026-05-13,Deep-Backwardation,tier3_full,fly123,-1.168,-0.4115,-0.0245,TRUE,0.387,0.387
CL,2026-05-13,Deep-Backwardation,tier2_physical,fly136,-1.168,-1.1883,-0.0184,TRUE,1.17,1.17
CL,2026-05-13,Deep-Backwardation,tier2_freight,fly136,-1.168,-1.1883,-0.0032,TRUE,1.1851,1.1851
CL,2026-05-13,Deep-Backwardation,tier3_full,fly136,-1.168,-1.1883,-0.0184,TRUE,1.17,1.17
CL,2026-05-20,Easing-Backwardation,tier2_physical,m1m2,-2.255,-0.8558,-0.0361,TRUE,0.8197,0.8197
CL,2026-05-20,Easing-Backwardation,tier2_freight,m1m2,-2.255,-0.8558,-0.0361,TRUE,0.8197,0.8197
CL,2026-05-20,Easing-Backwardation,tier3_full,m1m2,-2.255,-0.8558,-0.0361,TRUE,0.8197,0.8197
CL,2026-05-20,Easing-Backwardation,tier2_physical,m2m3,-2.255,-0.3972,0.0135,FALSE,0.4108,0.4108
CL,2026-05-20,Easing-Backwardation,tier2_freight,m2m3,-2.255,-0.3972,0.0135,FALSE,0.4108,0.4108
CL,2026-05-20,Easing-Backwardation,tier3_full,m2m3,-2.255,-0.3972,0.0135,FALSE,0.4108,0.4108
CL,2026-05-20,Easing-Backwardation,tier2_physical,m1m6,-2.255,-1.3812,0.048,FALSE,1.4291,1.4291
CL,2026-05-20,Easing-Backwardation,tier2_freight,m1m6,-2.255,-1.3812,0.048,FALSE,1.4291,1.4291
CL,2026-05-20,Easing-Backwardation,tier3_full,m1m6,-2.255,-1.3812,0.048,FALSE,1.4291,1.4291
CL,2026-05-20,Easing-Backwardation,tier2_physical,fly123,-2.255,-0.4586,-0.0497,TRUE,0.4089,0.4089
CL,2026-05-20,Easing-Backwardation,tier2_freight,fly123,-2.255,-0.4586,-0.0497,TRUE,0.4089,0.4089
CL,2026-05-20,Easing-Backwardation,tier3_full,fly123,-2.255,-0.4586,-0.0497,TRUE,0.4089,0.4089
CL,2026-05-20,Easing-Backwardation,tier2_physical,fly136,-2.255,-1.1249,-0.0932,TRUE,1.0317,1.0317
CL,2026-05-20,Easing-Backwardation,tier2_freight,fly136,-2.255,-1.1249,-0.0932,TRUE,1.0317,1.0317
CL,2026-05-20,Easing-Backwardation,tier3_full,fly136,-2.255,-1.1249,-0.0932,TRUE,1.0317,1.0317
LCO,2026-03-04,Deep-Backwardation,tier2_physical,m1m2,1.277,2.0307,0.1021,TRUE,1.9286,-1.9286
LCO,2026-03-04,Deep-Backwardation,tier2_freight,m1m2,1.277,2.0307,0.0958,TRUE,1.9349,-1.9349
LCO,2026-03-04,Deep-Backwardation,tier3_full,m1m2,1.277,2.0307,0.1021,TRUE,1.9286,-1.9286
LCO,2026-03-04,Deep-Backwardation,tier2_physical,m2m3,1.277,2.2733,-0.0049,FALSE,2.2783,-2.2783
LCO,2026-03-04,Deep-Backwardation,tier2_freight,m2m3,1.277,2.2733,0.0432,TRUE,2.2302,-2.2302
LCO,2026-03-04,Deep-Backwardation,tier3_full,m2m3,1.277,2.2733,0.0432,TRUE,2.2302,-2.2302
LCO,2026-03-04,Deep-Backwardation,tier2_physical,m1m6,1.277,6.9323,0.0856,TRUE,6.8467,-6.8467
LCO,2026-03-04,Deep-Backwardation,tier2_freight,m1m6,1.277,6.9323,-0.3412,FALSE,7.2735,-7.2735
LCO,2026-03-04,Deep-Backwardation,tier3_full,m1m6,1.277,6.9323,0.2247,TRUE,6.7076,-6.7076
LCO,2026-03-04,Deep-Backwardation,tier2_physical,fly123,1.277,-0.2427,0.0544,FALSE,0.2971,0.2971
LCO,2026-03-04,Deep-Backwardation,tier2_freight,fly123,1.277,-0.2427,0.0589,FALSE,0.3016,0.3016
LCO,2026-03-04,Deep-Backwardation,tier3_full,fly123,1.277,-0.2427,0.0589,FALSE,0.3016,0.3016
LCO,2026-03-04,Deep-Backwardation,tier2_physical,fly136,1.277,1.6757,0.0441,TRUE,1.6316,-1.6316
LCO,2026-03-04,Deep-Backwardation,tier2_freight,fly136,1.277,1.6757,0.0659,TRUE,1.6098,-1.6098
LCO,2026-03-04,Deep-Backwardation,tier3_full,fly136,1.277,1.6757,0.1091,TRUE,1.5666,-1.5666
LCO,2026-03-11,Deep-Backwardation,tier2_physical,m1m2,1.259,1.6106,0.1021,TRUE,1.5084,-1.5084
LCO,2026-03-11,Deep-Backwardation,tier2_freight,m1m2,1.259,1.6106,0.0959,TRUE,1.5147,-1.5147
LCO,2026-03-11,Deep-Backwardation,tier3_full,m1m2,1.259,1.6106,0.1021,TRUE,1.5084,-1.5084
LCO,2026-03-11,Deep-Backwardation,tier2_physical,m2m3,1.259,1.5533,-0.004,FALSE,1.5574,-1.5574
LCO,2026-03-11,Deep-Backwardation,tier2_freight,m2m3,1.259,1.5533,0.0432,TRUE,1.5102,-1.5102
LCO,2026-03-11,Deep-Backwardation,tier3_full,m2m3,1.259,1.5533,0.0432,TRUE,1.5102,-1.5102
LCO,2026-03-11,Deep-Backwardation,tier2_physical,m1m6,1.259,5.8347,0.0875,TRUE,5.7473,-5.7473
LCO,2026-03-11,Deep-Backwardation,tier2_freight,m1m6,1.259,5.8347,-0.3505,FALSE,6.1852,-6.1852
LCO,2026-03-11,Deep-Backwardation,tier3_full,m1m6,1.259,5.8347,0.2247,TRUE,5.61,-5.61
LCO,2026-03-11,Deep-Backwardation,tier2_physical,fly123,1.259,0.0572,0.0544,TRUE,0.0028,-0.0028
LCO,2026-03-11,Deep-Backwardation,tier2_freight,fly123,1.259,0.0572,0.0589,TRUE,0.0017,0.0017
LCO,2026-03-11,Deep-Backwardation,tier3_full,fly123,1.259,0.0572,0.0589,TRUE,0.0017,0.0017
LCO,2026-03-11,Deep-Backwardation,tier2_physical,fly136,1.259,0.4931,0.0441,TRUE,0.449,-0.449
LCO,2026-03-11,Deep-Backwardation,tier2_freight,fly136,1.259,0.4931,0.0659,TRUE,0.4272,-0.4272
LCO,2026-03-11,Deep-Backwardation,tier3_full,fly136,1.259,0.4931,0.0234,TRUE,0.4696,-0.4696
LCO,2026-03-18,Deep-Backwardation,tier2_physical,m1m2,1.557,0.7908,0.1021,TRUE,0.6887,-0.6887
LCO,2026-03-18,Deep-Backwardation,tier2_freight,m1m2,1.557,0.7908,0.0945,TRUE,0.6964,-0.6964
LCO,2026-03-18,Deep-Backwardation,tier3_full,m1m2,1.557,0.7908,0.1021,TRUE,0.6887,-0.6887
LCO,2026-03-18,Deep-Backwardation,tier2_physical,m2m3,1.557,0.5867,-0.0192,FALSE,0.6059,-0.6059
LCO,2026-03-18,Deep-Backwardation,tier2_freight,m2m3,1.557,0.5867,0.0432,TRUE,0.5435,-0.5435
LCO,2026-03-18,Deep-Backwardation,tier3_full,m2m3,1.557,0.5867,0.0432,TRUE,0.5435,-0.5435
LCO,2026-03-18,Deep-Backwardation,tier2_physical,m1m6,1.557,2.1075,0.0571,TRUE,2.0504,-2.0504
LCO,2026-03-18,Deep-Backwardation,tier2_freight,m1m6,1.557,2.1075,-0.8871,FALSE,2.9946,-2.9946
LCO,2026-03-18,Deep-Backwardation,tier3_full,m1m6,1.557,2.1075,0.2247,TRUE,1.8828,-1.8828
LCO,2026-03-18,Deep-Backwardation,tier2_physical,fly123,1.557,0.2042,0.0544,TRUE,0.1498,-0.1498
LCO,2026-03-18,Deep-Backwardation,tier2_freight,fly123,1.557,0.2042,0.0589,TRUE,0.1452,-0.1452
LCO,2026-03-18,Deep-Backwardation,tier3_full,fly123,1.557,0.2042,0.0589,TRUE,0.1452,-0.1452
LCO,2026-03-18,Deep-Backwardation,tier2_physical,fly136,1.557,0.6475,0.0441,TRUE,0.6034,-0.6034
LCO,2026-03-18,Deep-Backwardation,tier2_freight,fly136,1.557,0.6475,0.0659,TRUE,0.5816,-0.5816
LCO,2026-03-18,Deep-Backwardation,tier3_full,fly136,1.557,0.6475,0.0899,TRUE,0.5576,-0.5576
LCO,2026-03-25,Deep-Backwardation,tier2_physical,m1m2,2.015,2.535,0.1021,TRUE,2.4329,-2.4329
LCO,2026-03-25,Deep-Backwardation,tier2_freight,m1m2,2.015,2.535,0.0923,TRUE,2.4427,-2.4427
LCO,2026-03-25,Deep-Backwardation,tier3_full,m1m2,2.015,2.535,0.1021,TRUE,2.4329,-2.4329
LCO,2026-03-25,Deep-Backwardation,tier2_physical,m2m3,2.015,2.0317,-0.0425,FALSE,2.0742,-2.0742
LCO,2026-03-25,Deep-Backwardation,tier2_freight,m2m3,2.015,2.0317,0.0432,TRUE,1.9885,-1.9885
LCO,2026-03-25,Deep-Backwardation,tier3_full,m2m3,2.015,2.0317,0.0432,TRUE,1.9885,-1.9885
LCO,2026-03-25,Deep-Backwardation,tier2_physical,m1m6,2.015,7.7783,0.0105,TRUE,7.7679,-7.7679
LCO,2026-03-25,Deep-Backwardation,tier2_freight,m1m6,2.015,7.7783,-1.0724,FALSE,8.8507,-8.8507
LCO,2026-03-25,Deep-Backwardation,tier3_full,m1m6,2.015,7.7783,0.2247,TRUE,7.5536,-7.5536
LCO,2026-03-25,Deep-Backwardation,tier2_physical,fly123,2.015,0.5033,0.0544,TRUE,0.4489,-0.4489
LCO,2026-03-25,Deep-Backwardation,tier2_freight,fly123,2.015,0.5033,0.0589,TRUE,0.4444,-0.4444
LCO,2026-03-25,Deep-Backwardation,tier3_full,fly123,2.015,0.5033,0.0589,TRUE,0.4444,-0.4444
LCO,2026-03-25,Deep-Backwardation,tier2_physical,fly136,2.015,1.355,0.0441,TRUE,1.3109,-1.3109
LCO,2026-03-25,Deep-Backwardation,tier2_freight,fly136,2.015,1.355,0.0659,TRUE,1.2891,-1.2891
LCO,2026-03-25,Deep-Backwardation,tier3_full,fly136,2.015,1.355,0.0677,TRUE,1.2873,-1.2873
LCO,2026-04-01,Deep-Backwardation,tier2_physical,m1m2,1.991,3.0817,0.1021,TRUE,2.9796,-2.9796
LCO,2026-04-01,Deep-Backwardation,tier2_freight,m1m2,1.991,3.0817,0.0925,TRUE,2.9892,-2.9892
LCO,2026-04-01,Deep-Backwardation,tier3_full,m1m2,1.991,3.0817,0.1021,TRUE,2.9796,-2.9796
LCO,2026-04-01,Deep-Backwardation,tier2_physical,m2m3,1.991,2.8883,-0.0413,FALSE,2.9296,-2.9296
LCO,2026-04-01,Deep-Backwardation,tier2_freight,m2m3,1.991,2.8883,0.0432,TRUE,2.8452,-2.8452
LCO,2026-04-01,Deep-Backwardation,tier3_full,m2m3,1.991,2.8883,0.0432,TRUE,2.8452,-2.8452
LCO,2026-04-01,Deep-Backwardation,tier2_physical,m1m6,1.991,9.425,0.0129,TRUE,9.4121,-9.4121
LCO,2026-04-01,Deep-Backwardation,tier2_freight,m1m6,1.991,9.425,-0.9358,FALSE,10.3608,-10.3608
LCO,2026-04-01,Deep-Backwardation,tier3_full,m1m6,1.991,9.425,0.2247,TRUE,9.2003,-9.2003
LCO,2026-04-01,Deep-Backwardation,tier2_physical,fly123,1.991,0.1933,0.0544,TRUE,0.1389,-0.1389
LCO,2026-04-01,Deep-Backwardation,tier2_freight,fly123,1.991,0.1933,0.0589,TRUE,0.1344,-0.1344
LCO,2026-04-01,Deep-Backwardation,tier3_full,fly123,1.991,0.1933,0.0589,TRUE,0.1344,-0.1344
LCO,2026-04-01,Deep-Backwardation,tier2_physical,fly136,1.991,2.515,0.0441,TRUE,2.4709,-2.4709
LCO,2026-04-01,Deep-Backwardation,tier2_freight,fly136,1.991,2.515,0.0659,TRUE,2.4491,-2.4491
LCO,2026-04-01,Deep-Backwardation,tier3_full,fly136,1.991,2.515,-0.0178,FALSE,2.5328,-2.5328
LCO,2026-04-08,Deep-Backwardation,tier2_physical,m1m2,2.261,0.0381,0.1021,TRUE,0.064,0.064
LCO,2026-04-08,Deep-Backwardation,tier2_freight,m1m2,2.261,0.0381,0.0912,TRUE,0.0531,0.0531
LCO,2026-04-08,Deep-Backwardation,tier3_full,m1m2,2.261,0.0381,0.1021,TRUE,0.064,0.064
LCO,2026-04-08,Deep-Backwardation,tier2_physical,m2m3,2.261,-0.6904,-0.0551,TRUE,0.6354,0.6354
LCO,2026-04-08,Deep-Backwardation,tier2_freight,m2m3,2.261,-0.6904,0.0432,FALSE,0.7336,0.7336
LCO,2026-04-08,Deep-Backwardation,tier3_full,m2m3,2.261,-0.6904,0.0432,FALSE,0.7336,0.7336
LCO,2026-04-08,Deep-Backwardation,tier2_physical,m1m6,2.261,-1.7883,-0.0147,TRUE,1.7737,1.7737
LCO,2026-04-08,Deep-Backwardation,tier2_freight,m1m6,2.261,-1.7883,-0.2031,TRUE,1.5852,1.5852
LCO,2026-04-08,Deep-Backwardation,tier3_full,m1m6,2.261,-1.7883,0.2247,FALSE,2.013,2.013
LCO,2026-04-08,Deep-Backwardation,tier2_physical,fly123,2.261,0.7285,0.0544,TRUE,0.6741,-0.6741
LCO,2026-04-08,Deep-Backwardation,tier2_freight,fly123,2.261,0.7285,0.0589,TRUE,0.6696,-0.6696
LCO,2026-04-08,Deep-Backwardation,tier3_full,fly123,2.261,0.7285,0.0589,TRUE,0.6696,-0.6696
LCO,2026-04-08,Deep-Backwardation,tier2_physical,fly136,2.261,0.4837,0.0441,TRUE,0.4396,-0.4396
LCO,2026-04-08,Deep-Backwardation,tier2_freight,fly136,2.261,0.4837,0.0659,TRUE,0.4178,-0.4178
LCO,2026-04-08,Deep-Backwardation,tier3_full,fly136,2.261,0.4837,0.1294,TRUE,0.3543,-0.3543
LCO,2026-04-15,Deep-Backwardation,tier2_physical,m1m2,1.568,0.0468,0.1021,TRUE,0.0553,0.0553
LCO,2026-04-15,Deep-Backwardation,tier2_freight,m1m2,1.568,0.0468,0.0944,TRUE,0.0476,0.0476
LCO,2026-04-15,Deep-Backwardation,tier3_full,m1m2,1.568,0.0468,0.1021,TRUE,0.0553,0.0553
LCO,2026-04-15,Deep-Backwardation,tier2_physical,m2m3,1.568,-0.0067,-0.0198,TRUE,0.0131,-0.0131
LCO,2026-04-15,Deep-Backwardation,tier2_freight,m2m3,1.568,-0.0067,0.0432,FALSE,0.0498,0.0498
LCO,2026-04-15,Deep-Backwardation,tier3_full,m2m3,1.568,-0.0067,0.0432,FALSE,0.0498,0.0498
LCO,2026-04-15,Deep-Backwardation,tier2_physical,m1m6,1.568,-0.0398,0.056,FALSE,0.0958,0.0958
LCO,2026-04-15,Deep-Backwardation,tier2_freight,m1m6,1.568,-0.0398,-2.3589,TRUE,2.319,-2.319
LCO,2026-04-15,Deep-Backwardation,tier3_full,m1m6,1.568,-0.0398,0.2247,FALSE,0.2645,0.2645
LCO,2026-04-15,Deep-Backwardation,tier2_physical,fly123,1.568,0.0535,0.0544,TRUE,9e-04,9e-04
LCO,2026-04-15,Deep-Backwardation,tier2_freight,fly123,1.568,0.0535,0.0589,TRUE,0.0054,0.0054
LCO,2026-04-15,Deep-Backwardation,tier3_full,fly123,1.568,0.0535,0.0589,TRUE,0.0054,0.0054
LCO,2026-04-15,Deep-Backwardation,tier2_physical,fly136,1.568,0.1202,0.0441,TRUE,0.0761,-0.0761
LCO,2026-04-15,Deep-Backwardation,tier2_freight,fly136,1.568,0.1202,0.0659,TRUE,0.0543,-0.0543
LCO,2026-04-15,Deep-Backwardation,tier3_full,fly136,1.568,0.1202,-0.039,FALSE,0.1591,-0.1591
LCO,2026-04-22,Deep-Backwardation,tier2_physical,m1m2,1.157,0.3388,0.1021,TRUE,0.2367,-0.2367
LCO,2026-04-22,Deep-Backwardation,tier2_freight,m1m2,1.157,0.3388,0.0963,TRUE,0.2425,-0.2425
LCO,2026-04-22,Deep-Backwardation,tier3_full,m1m2,1.157,0.3388,0.1021,TRUE,0.2367,-0.2367
LCO,2026-04-22,Deep-Backwardation,tier2_physical,m2m3,1.157,0.5028,0.0012,TRUE,0.5017,-0.5017
LCO,2026-04-22,Deep-Backwardation,tier2_freight,m2m3,1.157,0.5028,0.0432,TRUE,0.4597,-0.4597
LCO,2026-04-22,Deep-Backwardation,tier3_full,m2m3,1.157,0.5028,0.0432,TRUE,0.4597,-0.4597
LCO,2026-04-22,Deep-Backwardation,tier2_physical,m1m6,1.157,1.9663,0.0979,TRUE,1.8684,-1.8684
LCO,2026-04-22,Deep-Backwardation,tier2_freight,m1m6,1.157,1.9663,0.1973,TRUE,1.7691,-1.7691
LCO,2026-04-22,Deep-Backwardation,tier3_full,m1m6,1.157,1.9663,0.2247,TRUE,1.7416,-1.7416
LCO,2026-04-22,Deep-Backwardation,tier2_physical,fly123,1.157,-0.164,0.0544,FALSE,0.2184,0.2184
LCO,2026-04-22,Deep-Backwardation,tier2_freight,fly123,1.157,-0.164,0.0589,FALSE,0.223,0.223
LCO,2026-04-22,Deep-Backwardation,tier3_full,fly123,1.157,-0.164,0.0589,FALSE,0.223,0.223
LCO,2026-04-22,Deep-Backwardation,tier2_physical,fly136,1.157,-0.283,0.0441,FALSE,0.3271,0.3271
LCO,2026-04-22,Deep-Backwardation,tier2_freight,fly136,1.157,-0.283,0.0659,FALSE,0.3489,0.3489
LCO,2026-04-22,Deep-Backwardation,tier3_full,fly136,1.157,-0.283,0.1184,FALSE,0.4014,0.4014
LCO,2026-04-29,Deep-Backwardation,tier2_physical,m1m2,0.36,-2.6167,0.1021,FALSE,2.7188,2.7188
LCO,2026-04-29,Deep-Backwardation,tier2_freight,m1m2,0.36,-2.6167,0.1,FALSE,2.7167,2.7167
LCO,2026-04-29,Deep-Backwardation,tier3_full,m1m2,0.36,-2.6167,0.1021,FALSE,2.7188,2.7188
LCO,2026-04-29,Deep-Backwardation,tier2_physical,m2m3,0.36,-2.1967,0.0418,FALSE,2.2384,2.2384
LCO,2026-04-29,Deep-Backwardation,tier2_freight,m2m3,0.36,-2.1967,0.0432,FALSE,2.2398,2.2398
LCO,2026-04-29,Deep-Backwardation,tier3_full,m2m3,0.36,-2.1967,0.0432,FALSE,2.2398,2.2398
LCO,2026-04-29,Deep-Backwardation,tier2_physical,m1m6,0.36,-9.2783,0.1792,FALSE,9.4575,9.4575
LCO,2026-04-29,Deep-Backwardation,tier2_freight,m1m6,0.36,-9.2783,2.069,FALSE,11.3473,11.3473
LCO,2026-04-29,Deep-Backwardation,tier3_full,m1m6,0.36,-9.2783,0.2247,FALSE,9.503,9.503
LCO,2026-04-29,Deep-Backwardation,tier2_physical,fly123,0.36,-0.42,0.0544,FALSE,0.4744,0.4744
LCO,2026-04-29,Deep-Backwardation,tier2_freight,fly123,0.36,-0.42,0.0589,FALSE,0.4789,0.4789
LCO,2026-04-29,Deep-Backwardation,tier3_full,fly123,0.36,-0.42,0.0589,FALSE,0.4789,0.4789
LCO,2026-04-29,Deep-Backwardation,tier2_physical,fly136,0.36,-0.3483,0.0441,FALSE,0.3924,0.3924
LCO,2026-04-29,Deep-Backwardation,tier2_freight,fly136,0.36,-0.3483,0.0659,FALSE,0.4142,0.4142
LCO,2026-04-29,Deep-Backwardation,tier3_full,fly136,0.36,-0.3483,0.1044,FALSE,0.4527,0.4527
LCO,2026-05-06,Deep-Backwardation,tier2_physical,m1m2,-0.252,-0.8458,0.1021,FALSE,0.9479,0.9479
LCO,2026-05-06,Deep-Backwardation,tier2_freight,m1m2,-0.252,-0.8458,0.1029,FALSE,0.9487,0.9487
LCO,2026-05-06,Deep-Backwardation,tier3_full,m1m2,-0.252,-0.8458,0.1021,FALSE,0.9479,0.9479
LCO,2026-05-06,Deep-Backwardation,tier2_physical,m2m3,-0.252,-0.8917,0.0729,FALSE,0.9646,0.9646
LCO,2026-05-06,Deep-Backwardation,tier2_freight,m2m3,-0.252,-0.8917,0.0432,FALSE,0.9348,0.9348
LCO,2026-05-06,Deep-Backwardation,tier3_full,m2m3,-0.252,-0.8917,0.0432,FALSE,0.9348,0.9348
LCO,2026-05-06,Deep-Backwardation,tier2_physical,m1m6,-0.252,-3.0508,0.2415,FALSE,3.2923,3.2923
LCO,2026-05-06,Deep-Backwardation,tier2_freight,m1m6,-0.252,-3.0508,3.3258,FALSE,6.3766,6.3766
LCO,2026-05-06,Deep-Backwardation,tier3_full,m1m6,-0.252,-3.0508,0.2247,FALSE,3.2755,3.2755
LCO,2026-05-06,Deep-Backwardation,tier2_physical,fly123,-0.252,0.0458,0.0544,TRUE,0.0086,0.0086
LCO,2026-05-06,Deep-Backwardation,tier2_freight,fly123,-0.252,0.0458,0.0589,TRUE,0.0131,0.0131
LCO,2026-05-06,Deep-Backwardation,tier3_full,fly123,-0.252,0.0458,0.0589,TRUE,0.0131,0.0131
LCO,2026-05-06,Deep-Backwardation,tier2_physical,fly136,-0.252,-0.4242,0.0441,FALSE,0.4682,0.4682
LCO,2026-05-06,Deep-Backwardation,tier2_freight,fly136,-0.252,-0.4242,0.0659,FALSE,0.4901,0.4901
LCO,2026-05-06,Deep-Backwardation,tier3_full,fly136,-0.252,-0.4242,0.0562,FALSE,0.4804,0.4804
LCO,2026-05-13,Deep-Backwardation,tier2_physical,m1m2,-1.168,0.3861,0.1021,TRUE,0.284,-0.284
LCO,2026-05-13,Deep-Backwardation,tier2_freight,m1m2,-1.168,0.3861,0.1071,TRUE,0.279,-0.279
LCO,2026-05-13,Deep-Backwardation,tier3_full,m1m2,-1.168,0.3861,0.1021,TRUE,0.284,-0.284
LCO,2026-05-13,Deep-Backwardation,tier2_physical,m2m3,-1.168,0.525,0.1196,TRUE,0.4054,-0.4054
LCO,2026-05-13,Deep-Backwardation,tier2_freight,m2m3,-1.168,0.525,0.0432,TRUE,0.4818,-0.4818
LCO,2026-05-13,Deep-Backwardation,tier3_full,m2m3,-1.168,0.525,0.0432,TRUE,0.4818,-0.4818
LCO,2026-05-13,Deep-Backwardation,tier2_physical,m1m6,-1.168,2.1361,0.3349,TRUE,1.8012,-1.8012
LCO,2026-05-13,Deep-Backwardation,tier2_freight,m1m6,-1.168,2.1361,2.4489,TRUE,0.3128,0.3128
LCO,2026-05-13,Deep-Backwardation,tier3_full,m1m6,-1.168,2.1361,0.2247,TRUE,1.9114,-1.9114
LCO,2026-05-13,Deep-Backwardation,tier2_physical,fly123,-1.168,-0.1389,0.0544,FALSE,0.1933,0.1933
LCO,2026-05-13,Deep-Backwardation,tier2_freight,fly123,-1.168,-0.1389,0.0589,FALSE,0.1978,0.1978
LCO,2026-05-13,Deep-Backwardation,tier3_full,fly123,-1.168,-0.1389,0.0589,FALSE,0.1978,0.1978
LCO,2026-05-13,Deep-Backwardation,tier2_physical,fly136,-1.168,-0.3139,0.0441,FALSE,0.3579,0.3579
LCO,2026-05-13,Deep-Backwardation,tier2_freight,fly136,-1.168,-0.3139,0.0659,FALSE,0.3798,0.3798
LCO,2026-05-13,Deep-Backwardation,tier3_full,fly136,-1.168,-0.3139,0.085,FALSE,0.3989,0.3989
LCO,2026-05-20,Easing-Backwardation,tier2_physical,m1m2,-2.255,-0.5229,0.1093,FALSE,0.6322,0.6322
LCO,2026-05-20,Easing-Backwardation,tier2_freight,m1m2,-2.255,-0.5229,0.0019,FALSE,0.5248,0.5248
LCO,2026-05-20,Easing-Backwardation,tier3_full,m1m2,-2.255,-0.5229,0.0679,FALSE,0.5908,0.5908
LCO,2026-05-20,Easing-Backwardation,tier2_physical,m2m3,-2.255,-0.3258,0.0406,FALSE,0.3664,0.3664
LCO,2026-05-20,Easing-Backwardation,tier2_freight,m2m3,-2.255,-0.3258,-0.6536,TRUE,0.3278,-0.3278
LCO,2026-05-20,Easing-Backwardation,tier3_full,m2m3,-2.255,-0.3258,0.0406,FALSE,0.3664,0.3664
LCO,2026-05-20,Easing-Backwardation,tier2_physical,m1m6,-2.255,-1.0467,0.118,FALSE,1.1647,1.1647
LCO,2026-05-20,Easing-Backwardation,tier2_freight,m1m6,-2.255,-1.0467,-3.6462,TRUE,2.5995,-2.5995
LCO,2026-05-20,Easing-Backwardation,tier3_full,m1m6,-2.255,-1.0467,0.118,FALSE,1.1647,1.1647
LCO,2026-05-20,Easing-Backwardation,tier2_physical,fly123,-2.255,-0.1972,0.02,FALSE,0.2172,0.2172
LCO,2026-05-20,Easing-Backwardation,tier2_freight,fly123,-2.255,-0.1972,-0.1822,TRUE,0.015,0.015
LCO,2026-05-20,Easing-Backwardation,tier3_full,fly123,-2.255,-0.1972,-0.0135,TRUE,0.1837,0.1837
LCO,2026-05-20,Easing-Backwardation,tier2_physical,fly136,-2.255,-0.6507,0.004,FALSE,0.6547,0.6547
LCO,2026-05-20,Easing-Backwardation,tier2_freight,fly136,-2.255,-0.6507,0.004,FALSE,0.6547,0.6547
LCO,2026-05-20,Easing-Backwardation,tier3_full,fly136,-2.255,-0.6507,0.0474,FALSE,0.698,0.698
HO,2026-03-04,Deep-Backwardation,tier2_physical,m1m2,1.277,3.1591,1.1982,TRUE,1.9609,-1.9609
HO,2026-03-04,Deep-Backwardation,tier2_freight,m1m2,1.277,3.1591,1.1711,TRUE,1.988,-1.988
HO,2026-03-04,Deep-Backwardation,tier3_full,m1m2,1.277,3.1591,1.4549,TRUE,1.7042,-1.7042
HO,2026-03-04,Deep-Backwardation,tier2_physical,m2m3,1.277,2.9225,0.2942,TRUE,2.6283,-2.6283
HO,2026-03-04,Deep-Backwardation,tier2_freight,m2m3,1.277,2.9225,0.1335,TRUE,2.789,-2.789
HO,2026-03-04,Deep-Backwardation,tier3_full,m2m3,1.277,2.9225,0.2535,TRUE,2.669,-2.669
HO,2026-03-04,Deep-Backwardation,tier2_physical,m1m6,1.277,10.5896,1.336,TRUE,9.2536,-9.2536
HO,2026-03-04,Deep-Backwardation,tier2_freight,m1m6,1.277,10.5896,1.2969,TRUE,9.2927,-9.2927
HO,2026-03-04,Deep-Backwardation,tier3_full,m1m6,1.277,10.5896,1.3898,TRUE,9.1998,-9.1998
HO,2026-03-04,Deep-Backwardation,tier2_physical,fly123,1.277,0.2366,0.9009,TRUE,0.6643,0.6643
HO,2026-03-04,Deep-Backwardation,tier2_freight,fly123,1.277,0.2366,0.9388,TRUE,0.7022,0.7022
HO,2026-03-04,Deep-Backwardation,tier3_full,fly123,1.277,0.2366,0.9723,TRUE,0.7357,0.7357
HO,2026-03-04,Deep-Backwardation,tier2_physical,fly136,1.277,1.5736,1.9311,TRUE,0.3575,0.3575
HO,2026-03-04,Deep-Backwardation,tier2_freight,fly136,1.277,1.5736,-0.8063,FALSE,2.3799,-2.3799
HO,2026-03-04,Deep-Backwardation,tier3_full,fly136,1.277,1.5736,1.6584,TRUE,0.0848,0.0848
HO,2026-03-11,Deep-Backwardation,tier2_physical,m1m2,1.259,1.7525,1.1983,TRUE,0.5541,-0.5541
HO,2026-03-11,Deep-Backwardation,tier2_freight,m1m2,1.259,1.7525,1.1721,TRUE,0.5803,-0.5803
HO,2026-03-11,Deep-Backwardation,tier3_full,m1m2,1.259,1.7525,1.4209,TRUE,0.3316,-0.3316
HO,2026-03-11,Deep-Backwardation,tier2_physical,m2m3,1.259,1.2481,0.2943,TRUE,0.9538,-0.9538
HO,2026-03-11,Deep-Backwardation,tier2_freight,m2m3,1.259,1.2481,0.1609,TRUE,1.0872,-1.0872
HO,2026-03-11,Deep-Backwardation,tier3_full,m2m3,1.259,1.2481,0.2516,TRUE,0.9965,-0.9965
HO,2026-03-11,Deep-Backwardation,tier2_physical,m1m6,1.259,6.5164,1.3361,TRUE,5.1802,-5.1802
HO,2026-03-11,Deep-Backwardation,tier2_freight,m1m6,1.259,6.5164,1.2995,TRUE,5.2168,-5.2168
HO,2026-03-11,Deep-Backwardation,tier3_full,m1m6,1.259,6.5164,1.3831,TRUE,5.1333,-5.1333
HO,2026-03-11,Deep-Backwardation,tier2_physical,fly123,1.259,0.5043,0.9009,TRUE,0.3966,0.3966
HO,2026-03-11,Deep-Backwardation,tier2_freight,fly123,1.259,0.5043,0.9291,TRUE,0.4248,0.4248
HO,2026-03-11,Deep-Backwardation,tier3_full,fly123,1.259,0.5043,0.9668,TRUE,0.4625,0.4625
HO,2026-03-11,Deep-Backwardation,tier2_physical,fly136,1.259,-0.5153,1.9323,FALSE,2.4475,2.4475
HO,2026-03-11,Deep-Backwardation,tier2_freight,fly136,1.259,-0.5153,-0.3662,TRUE,0.1491,0.1491
HO,2026-03-11,Deep-Backwardation,tier3_full,fly136,1.259,-0.5153,1.6507,FALSE,2.166,2.166
HO,2026-03-18,Deep-Backwardation,tier2_physical,m1m2,1.557,6.209,1.1968,TRUE,5.0122,-5.0122
HO,2026-03-18,Deep-Backwardation,tier2_freight,m1m2,1.557,6.209,1.167,TRUE,5.042,-5.042
HO,2026-03-18,Deep-Backwardation,tier3_full,m1m2,1.557,6.209,1.4449,TRUE,4.7641,-4.7641
HO,2026-03-18,Deep-Backwardation,tier2_physical,m2m3,1.557,0.6853,0.2941,TRUE,0.3912,-0.3912
HO,2026-03-18,Deep-Backwardation,tier2_freight,m2m3,1.557,0.6853,0.1899,TRUE,0.4954,-0.4954
HO,2026-03-18,Deep-Backwardation,tier3_full,m2m3,1.557,0.6853,0.252,TRUE,0.4333,-0.4333
HO,2026-03-18,Deep-Backwardation,tier2_physical,m1m6,1.557,6.8884,1.3333,TRUE,5.555,-5.555
HO,2026-03-18,Deep-Backwardation,tier2_freight,m1m6,1.557,6.8884,1.2942,TRUE,5.5941,-5.5941
HO,2026-03-18,Deep-Backwardation,tier3_full,m1m6,1.557,6.8884,1.3868,TRUE,5.5016,-5.5016
HO,2026-03-18,Deep-Backwardation,tier2_physical,fly123,1.557,5.5237,0.9009,TRUE,4.6228,-4.6228
HO,2026-03-18,Deep-Backwardation,tier2_freight,fly123,1.557,5.5237,0.9123,TRUE,4.6114,-4.6114
HO,2026-03-18,Deep-Backwardation,tier3_full,fly123,1.557,5.5237,0.9711,TRUE,4.5526,-4.5526
HO,2026-03-18,Deep-Backwardation,tier2_physical,fly136,1.557,6.9003,1.9128,TRUE,4.9874,-4.9874
HO,2026-03-18,Deep-Backwardation,tier2_freight,fly136,1.557,6.9003,0.0678,TRUE,6.8324,-6.8324
HO,2026-03-18,Deep-Backwardation,tier3_full,fly136,1.557,6.9003,1.6564,TRUE,5.2439,-5.2439
HO,2026-03-25,Deep-Backwardation,tier2_physical,m1m2,2.015,2.4115,1.1944,TRUE,1.2171,-1.2171
HO,2026-03-25,Deep-Backwardation,tier2_freight,m1m2,2.015,2.4115,1.1639,TRUE,1.2476,-1.2476
HO,2026-03-25,Deep-Backwardation,tier3_full,m1m2,2.015,2.4115,1.4388,TRUE,0.9727,-0.9727
HO,2026-03-25,Deep-Backwardation,tier2_physical,m2m3,2.015,4.3081,0.2939,TRUE,4.0143,-4.0143
HO,2026-03-25,Deep-Backwardation,tier2_freight,m2m3,2.015,4.3081,-0.0677,FALSE,4.3759,-4.3759
HO,2026-03-25,Deep-Backwardation,tier3_full,m2m3,2.015,4.3081,0.2211,TRUE,4.087,-4.087
HO,2026-03-25,Deep-Backwardation,tier2_physical,m1m6,2.015,13.7963,1.329,TRUE,12.4673,-12.4673
HO,2026-03-25,Deep-Backwardation,tier2_freight,m1m6,2.015,13.7963,1.2773,TRUE,12.519,-12.519
HO,2026-03-25,Deep-Backwardation,tier3_full,m1m6,2.015,13.7963,1.3821,TRUE,12.4142,-12.4142
HO,2026-03-25,Deep-Backwardation,tier2_physical,fly123,2.015,-1.8966,0.9009,FALSE,2.7975,2.7975
HO,2026-03-25,Deep-Backwardation,tier2_freight,fly123,2.015,-1.8966,1.01,FALSE,2.9067,2.9067
HO,2026-03-25,Deep-Backwardation,tier3_full,fly123,2.015,-1.8966,0.9837,FALSE,2.8803,2.8803
HO,2026-03-25,Deep-Backwardation,tier2_physical,fly136,2.015,-0.357,1.883,FALSE,2.24,2.24
HO,2026-03-25,Deep-Backwardation,tier2_freight,fly136,2.015,-0.357,-3.9941,TRUE,3.6371,-3.6371
HO,2026-03-25,Deep-Backwardation,tier3_full,fly136,2.015,-0.357,1.6312,FALSE,1.9882,1.9882
HO,2026-04-01,Deep-Backwardation,tier2_physical,m1m2,1.991,11.0782,1.1945,TRUE,9.8837,-9.8837
HO,2026-04-01,Deep-Backwardation,tier2_freight,m1m2,1.991,11.0782,1.1652,TRUE,9.913,-9.913
HO,2026-04-01,Deep-Backwardation,tier3_full,m1m2,1.991,11.0782,1.4138,TRUE,9.6644,-9.6644
HO,2026-04-01,Deep-Backwardation,tier2_physical,m2m3,1.991,2.6416,0.2939,TRUE,2.3477,-2.3477
HO,2026-04-01,Deep-Backwardation,tier2_freight,m2m3,1.991,2.6416,-0.1159,FALSE,2.7575,-2.7575
HO,2026-04-01,Deep-Backwardation,tier3_full,m2m3,1.991,2.6416,0.2082,TRUE,2.4334,-2.4334
HO,2026-04-01,Deep-Backwardation,tier2_physical,m1m6,1.991,15.9958,1.3292,TRUE,14.6666,-14.6666
HO,2026-04-01,Deep-Backwardation,tier2_freight,m1m6,1.991,15.9958,1.2767,TRUE,14.7191,-14.7191
HO,2026-04-01,Deep-Backwardation,tier3_full,m1m6,1.991,15.9958,1.375,TRUE,14.6208,-14.6208
HO,2026-04-01,Deep-Backwardation,tier2_physical,fly123,1.991,8.4366,0.9009,TRUE,7.5357,-7.5357
HO,2026-04-01,Deep-Backwardation,tier2_freight,fly123,1.991,8.4366,1.0303,TRUE,7.4062,-7.4062
HO,2026-04-01,Deep-Backwardation,tier3_full,fly123,1.991,8.4366,0.9848,TRUE,7.4518,-7.4518
HO,2026-04-01,Deep-Backwardation,tier2_physical,fly136,1.991,11.4438,1.8846,TRUE,9.5593,-9.5593
HO,2026-04-01,Deep-Backwardation,tier2_freight,fly136,1.991,11.4438,-4.7448,FALSE,16.1886,-16.1886
HO,2026-04-01,Deep-Backwardation,tier3_full,fly136,1.991,11.4438,1.6173,TRUE,9.8265,-9.8265
HO,2026-04-08,Deep-Backwardation,tier2_physical,m1m2,2.261,-2.1756,1.1931,FALSE,3.3687,3.3687
HO,2026-04-08,Deep-Backwardation,tier2_freight,m1m2,2.261,-2.1756,1.1734,FALSE,3.349,3.349
HO,2026-04-08,Deep-Backwardation,tier3_full,m1m2,2.261,-2.1756,1.5074,FALSE,3.683,3.683
HO,2026-04-08,Deep-Backwardation,tier2_physical,m2m3,2.261,-2.361,0.2938,FALSE,2.6547,2.6547
HO,2026-04-08,Deep-Backwardation,tier2_freight,m2m3,2.261,-2.361,-0.6552,TRUE,1.7057,1.7057
HO,2026-04-08,Deep-Backwardation,tier3_full,m2m3,2.261,-2.361,0.1495,FALSE,2.5105,2.5105
HO,2026-04-08,Deep-Backwardation,tier2_physical,m1m6,2.261,-6.2969,1.3266,FALSE,7.6235,7.6235
HO,2026-04-08,Deep-Backwardation,tier2_freight,m1m6,2.261,-6.2969,1.261,FALSE,7.5578,7.5578
HO,2026-04-08,Deep-Backwardation,tier3_full,m1m6,2.261,-6.2969,1.3847,FALSE,7.6815,7.6815
HO,2026-04-08,Deep-Backwardation,tier2_physical,fly123,2.261,0.1854,0.9009,TRUE,0.7155,0.7155
HO,2026-04-08,Deep-Backwardation,tier2_freight,fly123,2.261,0.1854,1.2506,TRUE,1.0652,1.0652
HO,2026-04-08,Deep-Backwardation,tier3_full,fly123,2.261,0.1854,1.028,TRUE,0.8427,0.8427
HO,2026-04-08,Deep-Backwardation,tier2_physical,fly136,2.261,-2.7763,1.8669,FALSE,4.6432,4.6432
HO,2026-04-08,Deep-Backwardation,tier2_freight,fly136,2.261,-2.7763,-13.1656,TRUE,10.3893,-10.3893
HO,2026-04-08,Deep-Backwardation,tier3_full,fly136,2.261,-2.7763,1.5905,FALSE,4.3667,4.3667
HO,2026-04-15,Deep-Backwardation,tier2_physical,m1m2,1.568,-3.6911,1.1967,FALSE,4.8878,4.8878
HO,2026-04-15,Deep-Backwardation,tier2_freight,m1m2,1.568,-3.6911,1.1531,FALSE,4.8442,4.8442
HO,2026-04-15,Deep-Backwardation,tier3_full,m1m2,1.568,-3.6911,1.4025,FALSE,5.0936,5.0936
HO,2026-04-15,Deep-Backwardation,tier2_physical,m2m3,1.568,-1.6926,0.2941,FALSE,1.9867,1.9867
HO,2026-04-15,Deep-Backwardation,tier2_freight,m2m3,1.568,-1.6926,0.8377,FALSE,2.5303,2.5303
HO,2026-04-15,Deep-Backwardation,tier3_full,m2m3,1.568,-1.6926,0.2842,FALSE,1.9768,1.9768
HO,2026-04-15,Deep-Backwardation,tier2_physical,m1m6,1.568,-7.0686,1.3332,FALSE,8.4018,8.4018
HO,2026-04-15,Deep-Backwardation,tier2_freight,m1m6,1.568,-7.0686,1.3078,FALSE,8.3764,8.3764
HO,2026-04-15,Deep-Backwardation,tier3_full,m1m6,1.568,-7.0686,1.3782,FALSE,8.4468,8.4468
HO,2026-04-15,Deep-Backwardation,tier2_physical,fly123,1.568,-1.9985,0.9009,FALSE,2.8994,2.8994
HO,2026-04-15,Deep-Backwardation,tier2_freight,fly123,1.568,-1.9985,0.6434,FALSE,2.6419,2.6419
HO,2026-04-15,Deep-Backwardation,tier3_full,fly123,1.568,-1.9985,0.949,FALSE,2.9475,2.9475
HO,2026-04-15,Deep-Backwardation,tier2_physical,fly136,1.568,-3.6988,1.9121,FALSE,5.6109,5.6109
HO,2026-04-15,Deep-Backwardation,tier2_freight,fly136,1.568,-3.6988,10.1642,FALSE,13.863,13.863
HO,2026-04-15,Deep-Backwardation,tier3_full,fly136,1.568,-3.6988,1.6777,FALSE,5.3765,5.3765
HO,2026-04-22,Deep-Backwardation,tier2_physical,m1m2,1.157,-0.6003,1.1989,FALSE,1.7991,1.7991
HO,2026-04-22,Deep-Backwardation,tier2_freight,m1m2,1.157,-0.6003,1.1891,FALSE,1.7893,1.7893
HO,2026-04-22,Deep-Backwardation,tier3_full,m1m2,1.157,-0.6003,1.52,FALSE,2.1203,2.1203
HO,2026-04-22,Deep-Backwardation,tier2_physical,m2m3,1.157,-7e-04,0.2943,FALSE,0.295,0.295
HO,2026-04-22,Deep-Backwardation,tier2_freight,m2m3,1.157,-7e-04,0.0997,FALSE,0.1004,0.1004
HO,2026-04-22,Deep-Backwardation,tier3_full,m2m3,1.157,-7e-04,0.2207,FALSE,0.2214,0.2214
HO,2026-04-22,Deep-Backwardation,tier2_physical,m1m6,1.157,-0.5864,1.3371,FALSE,1.9235,1.9235
HO,2026-04-22,Deep-Backwardation,tier2_freight,m1m6,1.157,-0.5864,1.3186,FALSE,1.905,1.905
HO,2026-04-22,Deep-Backwardation,tier3_full,m1m6,1.157,-0.5864,1.3952,FALSE,1.9816,1.9816
HO,2026-04-22,Deep-Backwardation,tier2_physical,fly123,1.157,-0.5996,0.9009,FALSE,1.5005,1.5005
HO,2026-04-22,Deep-Backwardation,tier2_freight,fly123,1.157,-0.5996,0.9713,FALSE,1.5708,1.5708
HO,2026-04-22,Deep-Backwardation,tier3_full,fly123,1.157,-0.5996,0.9988,FALSE,1.5983,1.5983
HO,2026-04-22,Deep-Backwardation,tier2_physical,fly136,1.157,-0.6155,1.9389,FALSE,2.5544,2.5544
HO,2026-04-22,Deep-Backwardation,tier2_freight,fly136,1.157,-0.6155,-1.1782,TRUE,0.5627,-0.5627
HO,2026-04-22,Deep-Backwardation,tier3_full,fly136,1.157,-0.6155,1.6483,FALSE,2.2638,2.2638
HO,2026-04-29,Deep-Backwardation,tier2_physical,m1m2,0.36,2.5084,1.203,TRUE,1.3054,-1.3054
HO,2026-04-29,Deep-Backwardation,tier2_freight,m1m2,0.36,2.5084,1.2115,TRUE,1.2969,-1.2969
HO,2026-04-29,Deep-Backwardation,tier3_full,m1m2,0.36,2.5084,1.5597,TRUE,0.9488,-0.9488
HO,2026-04-29,Deep-Backwardation,tier2_physical,m2m3,0.36,-2.031,0.2947,FALSE,2.3257,2.3257
HO,2026-04-29,Deep-Backwardation,tier2_freight,m2m3,0.36,-2.031,-0.1879,TRUE,1.8432,1.8432
HO,2026-04-29,Deep-Backwardation,tier3_full,m2m3,0.36,-2.031,0.1857,FALSE,2.2168,2.2168
HO,2026-04-29,Deep-Backwardation,tier2_physical,m1m6,0.36,-4.0856,1.3447,FALSE,5.4302,5.4302
HO,2026-04-29,Deep-Backwardation,tier2_freight,m1m6,0.36,-4.0856,1.3343,FALSE,5.4198,5.4198
HO,2026-04-29,Deep-Backwardation,tier3_full,m1m6,0.36,-4.0856,1.398,FALSE,5.4836,5.4836
HO,2026-04-29,Deep-Backwardation,tier2_physical,fly123,0.36,4.5395,0.901,TRUE,3.6385,-3.6385
HO,2026-04-29,Deep-Backwardation,tier2_freight,fly123,0.36,4.5395,1.108,TRUE,3.4315,-3.4315
HO,2026-04-29,Deep-Backwardation,tier3_full,fly123,0.36,4.5395,1.0216,TRUE,3.5179,-3.5179
HO,2026-04-29,Deep-Backwardation,tier2_physical,fly136,0.36,5.0403,1.991,TRUE,3.0494,-3.0494
HO,2026-04-29,Deep-Backwardation,tier2_freight,fly136,0.36,5.0403,-5.5753,FALSE,10.6157,-10.6157
HO,2026-04-29,Deep-Backwardation,tier3_full,fly136,0.36,5.0403,1.6292,TRUE,3.4112,-3.4112
HO,2026-05-06,Easing-Backwardation,tier2_physical,m1m2,-0.252,2.2414,-0.0239,FALSE,2.2653,-2.2653
HO,2026-05-06,Easing-Backwardation,tier2_freight,m1m2,-0.252,2.2414,-0.0239,FALSE,2.2653,-2.2653
HO,2026-05-06,Easing-Backwardation,tier3_full,m1m2,-0.252,2.2414,-0.0239,FALSE,2.2653,-2.2653
HO,2026-05-06,Easing-Backwardation,tier2_physical,m2m3,-0.252,1.552,0.0404,TRUE,1.5116,-1.5116
HO,2026-05-06,Easing-Backwardation,tier2_freight,m2m3,-0.252,1.552,0.0404,TRUE,1.5116,-1.5116
HO,2026-05-06,Easing-Backwardation,tier3_full,m2m3,-0.252,1.552,0.9271,TRUE,0.625,-0.625
HO,2026-05-06,Easing-Backwardation,tier2_physical,m1m6,-0.252,3.36,0.0576,TRUE,3.3024,-3.3024
HO,2026-05-06,Easing-Backwardation,tier2_freight,m1m6,-0.252,3.36,0.0576,TRUE,3.3024,-3.3024
HO,2026-05-06,Easing-Backwardation,tier3_full,m1m6,-0.252,3.36,1.0393,TRUE,2.3207,-2.3207
HO,2026-05-06,Easing-Backwardation,tier2_physical,fly123,-0.252,0.6894,-0.0643,FALSE,0.7537,-0.7537
HO,2026-05-06,Easing-Backwardation,tier2_freight,fly123,-0.252,0.6894,2.6918,TRUE,2.0024,2.0024
HO,2026-05-06,Easing-Backwardation,tier3_full,fly123,-0.252,0.6894,-0.0643,FALSE,0.7537,-0.7537
HO,2026-05-06,Easing-Backwardation,tier2_physical,fly136,-0.252,4.2269,-0.0245,FALSE,4.2514,-4.2514
HO,2026-05-06,Easing-Backwardation,tier2_freight,fly136,-0.252,4.2269,-0.0245,FALSE,4.2514,-4.2514
HO,2026-05-06,Easing-Backwardation,tier3_full,fly136,-0.252,4.2269,-0.0245,FALSE,4.2514,-4.2514
HO,2026-05-13,Easing-Backwardation,tier2_physical,m1m2,-1.168,-0.9066,-0.0239,TRUE,0.8827,0.8827
HO,2026-05-13,Easing-Backwardation,tier2_freight,m1m2,-1.168,-0.9066,-0.0239,TRUE,0.8827,0.8827
HO,2026-05-13,Easing-Backwardation,tier3_full,m1m2,-1.168,-0.9066,-0.0239,TRUE,0.8827,0.8827
HO,2026-05-13,Easing-Backwardation,tier2_physical,m2m3,-1.168,0.1611,0.0404,TRUE,0.1207,-0.1207
HO,2026-05-13,Easing-Backwardation,tier2_freight,m2m3,-1.168,0.1611,0.0404,TRUE,0.1207,-0.1207
HO,2026-05-13,Easing-Backwardation,tier3_full,m2m3,-1.168,0.1611,0.9661,TRUE,0.805,0.805
HO,2026-05-13,Easing-Backwardation,tier2_physical,m1m6,-1.168,1.2908,0.0576,TRUE,1.2332,-1.2332
HO,2026-05-13,Easing-Backwardation,tier2_freight,m1m6,-1.168,1.2908,0.0576,TRUE,1.2332,-1.2332
HO,2026-05-13,Easing-Backwardation,tier3_full,m1m6,-1.168,1.2908,0.0082,TRUE,1.2826,-1.2826
HO,2026-05-13,Easing-Backwardation,tier2_physical,fly123,-1.168,-1.0678,-0.0643,TRUE,1.0035,1.0035
HO,2026-05-13,Easing-Backwardation,tier2_freight,fly123,-1.168,-1.0678,-1.1308,TRUE,0.063,-0.063
HO,2026-05-13,Easing-Backwardation,tier3_full,fly123,-1.168,-1.0678,-0.0643,TRUE,1.0035,1.0035
HO,2026-05-13,Easing-Backwardation,tier2_physical,fly136,-1.168,-2.7818,-0.0245,TRUE,2.7573,2.7573
HO,2026-05-13,Easing-Backwardation,tier2_freight,fly136,-1.168,-2.7818,-0.0245,TRUE,2.7573,2.7573
HO,2026-05-13,Easing-Backwardation,tier3_full,fly136,-1.168,-2.7818,-0.0245,TRUE,2.7573,2.7573
LGO,2026-03-04,Deep-Backwardation,tier2_physical,m1m2,1.277,4.8378,-0.0862,FALSE,4.924,-4.924
LGO,2026-03-04,Deep-Backwardation,tier2_freight,m1m2,1.277,4.8378,0.1605,TRUE,4.6773,-4.6773
LGO,2026-03-04,Deep-Backwardation,tier3_full,m1m2,1.277,4.8378,0.1847,TRUE,4.6531,-4.6531
LGO,2026-03-04,Deep-Backwardation,tier2_physical,m2m3,1.277,2.1756,-0.012,FALSE,2.1876,-2.1876
LGO,2026-03-04,Deep-Backwardation,tier2_freight,m2m3,1.277,2.1756,-0.3189,FALSE,2.4945,-2.4945
LGO,2026-03-04,Deep-Backwardation,tier3_full,m2m3,1.277,2.1756,-0.0189,FALSE,2.1945,-2.1945
LGO,2026-03-04,Deep-Backwardation,tier2_physical,m1m6,1.277,11.0738,-0.0446,FALSE,11.1185,-11.1185
LGO,2026-03-04,Deep-Backwardation,tier2_freight,m1m6,1.277,11.0738,-0.0835,FALSE,11.1574,-11.1574
LGO,2026-03-04,Deep-Backwardation,tier3_full,m1m6,1.277,11.0738,-0.077,FALSE,11.1508,-11.1508
LGO,2026-03-04,Deep-Backwardation,tier2_physical,fly123,1.277,2.6622,0.1878,TRUE,2.4744,-2.4744
LGO,2026-03-04,Deep-Backwardation,tier2_freight,fly123,1.277,2.6622,0.1769,TRUE,2.4853,-2.4853
LGO,2026-03-04,Deep-Backwardation,tier3_full,fly123,1.277,2.6622,0.207,TRUE,2.4552,-2.4552
LGO,2026-03-04,Deep-Backwardation,tier2_physical,fly136,1.277,2.953,0.0796,TRUE,2.8734,-2.8734
LGO,2026-03-04,Deep-Backwardation,tier2_freight,fly136,1.277,2.953,-0.1492,FALSE,3.1023,-3.1023
LGO,2026-03-04,Deep-Backwardation,tier3_full,fly136,1.277,2.953,0.4123,TRUE,2.5407,-2.5407
LGO,2026-03-11,Deep-Backwardation,tier2_physical,m1m2,1.259,7.953,-0.0849,FALSE,8.0379,-8.0379
LGO,2026-03-11,Deep-Backwardation,tier2_freight,m1m2,1.259,7.953,0.1637,TRUE,7.7893,-7.7893
LGO,2026-03-11,Deep-Backwardation,tier3_full,m1m2,1.259,7.953,0.192,TRUE,7.761,-7.761
LGO,2026-03-11,Deep-Backwardation,tier2_physical,m2m3,1.259,-0.7315,-0.012,TRUE,0.7196,0.7196
LGO,2026-03-11,Deep-Backwardation,tier2_freight,m2m3,1.259,-0.7315,-0.294,TRUE,0.4375,0.4375
LGO,2026-03-11,Deep-Backwardation,tier3_full,m2m3,1.259,-0.7315,-0.0167,TRUE,0.7149,0.7149
LGO,2026-03-11,Deep-Backwardation,tier2_physical,m1m6,1.259,-0.8221,-0.0446,TRUE,0.7776,0.7776
LGO,2026-03-11,Deep-Backwardation,tier2_freight,m1m6,1.259,-0.8221,-0.0773,TRUE,0.7449,0.7449
LGO,2026-03-11,Deep-Backwardation,tier3_full,m1m6,1.259,-0.8221,-0.0587,TRUE,0.7634,0.7634
LGO,2026-03-11,Deep-Backwardation,tier2_physical,fly123,1.259,8.6846,0.1878,TRUE,8.4967,-8.4967
LGO,2026-03-11,Deep-Backwardation,tier2_freight,fly123,1.259,8.6846,0.1799,TRUE,8.5046,-8.5046
LGO,2026-03-11,Deep-Backwardation,tier3_full,fly123,1.259,8.6846,0.2148,TRUE,8.4697,-8.4697
LGO,2026-03-11,Deep-Backwardation,tier2_physical,fly136,1.259,15.2651,0.0809,TRUE,15.1842,-15.1842
LGO,2026-03-11,Deep-Backwardation,tier2_freight,fly136,1.259,15.2651,-0.0633,FALSE,15.3284,-15.3284
LGO,2026-03-11,Deep-Backwardation,tier3_full,fly136,1.259,15.2651,0.4162,TRUE,14.8489,-14.8489
LGO,2026-03-18,Deep-Backwardation,tier2_physical,m1m2,1.557,1.6611,-0.1063,FALSE,1.7674,-1.7674
LGO,2026-03-18,Deep-Backwardation,tier2_freight,m1m2,1.557,1.6611,0.167,TRUE,1.494,-1.494
LGO,2026-03-18,Deep-Backwardation,tier3_full,m1m2,1.557,1.6611,0.1963,TRUE,1.4648,-1.4648
LGO,2026-03-18,Deep-Backwardation,tier2_physical,m2m3,1.557,0.0503,-0.0122,FALSE,0.0626,-0.0626
LGO,2026-03-18,Deep-Backwardation,tier2_freight,m2m3,1.557,0.0503,-0.2946,FALSE,0.3449,-0.3449
LGO,2026-03-18,Deep-Backwardation,tier3_full,m2m3,1.557,0.0503,-0.0167,FALSE,0.0671,-0.0671
LGO,2026-03-18,Deep-Backwardation,tier2_physical,m1m6,1.557,1.0291,-0.0457,FALSE,1.0747,-1.0747
LGO,2026-03-18,Deep-Backwardation,tier2_freight,m1m6,1.557,1.0291,-0.0726,FALSE,1.1017,-1.1017
LGO,2026-03-18,Deep-Backwardation,tier3_full,m1m6,1.557,1.0291,-0.0622,FALSE,1.0913,-1.0913
LGO,2026-03-18,Deep-Backwardation,tier2_physical,fly123,1.557,1.6107,0.1877,TRUE,1.423,-1.423
LGO,2026-03-18,Deep-Backwardation,tier2_freight,fly123,1.557,1.6107,0.1838,TRUE,1.4269,-1.4269
LGO,2026-03-18,Deep-Backwardation,tier3_full,fly123,1.557,1.6107,0.221,TRUE,1.3897,-1.3897
LGO,2026-03-18,Deep-Backwardation,tier2_physical,fly136,1.557,2.3937,0.0588,TRUE,2.3349,-2.3349
LGO,2026-03-18,Deep-Backwardation,tier2_freight,fly136,1.557,2.3937,0.0286,TRUE,2.3651,-2.3651
LGO,2026-03-18,Deep-Backwardation,tier3_full,fly136,1.557,2.3937,0.4307,TRUE,1.963,-1.963
LGO,2026-03-25,Deep-Backwardation,tier2_physical,m1m2,2.015,6.8792,-0.1392,FALSE,7.0184,-7.0184
LGO,2026-03-25,Deep-Backwardation,tier2_freight,m1m2,2.015,6.8792,0.1337,TRUE,6.7455,-6.7455
LGO,2026-03-25,Deep-Backwardation,tier3_full,m1m2,2.015,6.8792,0.1803,TRUE,6.6989,-6.6989
LGO,2026-03-25,Deep-Backwardation,tier2_physical,m2m3,2.015,5.4586,-0.0127,FALSE,5.4713,-5.4713
LGO,2026-03-25,Deep-Backwardation,tier2_freight,m2m3,2.015,5.4586,-0.5349,FALSE,5.9935,-5.9935
LGO,2026-03-25,Deep-Backwardation,tier3_full,m2m3,2.015,5.4586,-0.022,FALSE,5.4806,-5.4806
LGO,2026-03-25,Deep-Backwardation,tier2_physical,m1m6,2.015,20.4251,-0.0473,FALSE,20.4724,-20.4724
LGO,2026-03-25,Deep-Backwardation,tier2_freight,m1m6,2.015,20.4251,-0.1338,FALSE,20.5589,-20.5589
LGO,2026-03-25,Deep-Backwardation,tier3_full,m1m6,2.015,20.4251,-0.0999,FALSE,20.525,-20.525
LGO,2026-03-25,Deep-Backwardation,tier2_physical,fly123,2.015,1.4206,0.1875,TRUE,1.2331,-1.2331
LGO,2026-03-25,Deep-Backwardation,tier2_freight,fly123,2.015,1.4206,0.1525,TRUE,1.2681,-1.2681
LGO,2026-03-25,Deep-Backwardation,tier3_full,fly123,2.015,1.4206,0.2044,TRUE,1.2162,-1.2162
LGO,2026-03-25,Deep-Backwardation,tier2_physical,fly136,2.015,4.2506,0.0248,TRUE,4.2257,-4.2257
LGO,2026-03-25,Deep-Backwardation,tier2_freight,fly136,2.015,4.2506,-0.8756,FALSE,5.1261,-5.1261
LGO,2026-03-25,Deep-Backwardation,tier3_full,fly136,2.015,4.2506,0.4187,TRUE,3.8319,-3.8319
LGO,2026-04-01,Deep-Backwardation,tier2_physical,m1m2,1.991,5.563,-0.1375,FALSE,5.7005,-5.7005
LGO,2026-04-01,Deep-Backwardation,tier2_freight,m1m2,1.991,5.563,0.1276,TRUE,5.4354,-5.4354
LGO,2026-04-01,Deep-Backwardation,tier3_full,m1m2,1.991,5.563,0.1804,TRUE,5.3827,-5.3827
LGO,2026-04-01,Deep-Backwardation,tier2_physical,m2m3,1.991,6.8531,-0.0126,FALSE,6.8657,-6.8657
LGO,2026-04-01,Deep-Backwardation,tier2_freight,m2m3,1.991,6.8531,-0.5709,FALSE,7.424,-7.424
LGO,2026-04-01,Deep-Backwardation,tier3_full,m2m3,1.991,6.8531,-0.0222,FALSE,6.8753,-6.8753
LGO,2026-04-01,Deep-Backwardation,tier2_physical,m1m6,1.991,23.0973,-0.0473,FALSE,23.1446,-23.1446
LGO,2026-04-01,Deep-Backwardation,tier2_freight,m1m6,1.991,23.0973,-0.1446,FALSE,23.2419,-23.2419
LGO,2026-04-01,Deep-Backwardation,tier3_full,m1m6,1.991,23.0973,-0.0983,FALSE,23.1957,-23.1957
LGO,2026-04-01,Deep-Backwardation,tier2_physical,fly123,1.991,-1.2901,0.1875,FALSE,1.4776,1.4776
LGO,2026-04-01,Deep-Backwardation,tier2_freight,fly123,1.991,-1.2901,0.1464,FALSE,1.4365,1.4365
LGO,2026-04-01,Deep-Backwardation,tier3_full,fly123,1.991,-1.2901,0.2047,FALSE,1.4947,1.4947
LGO,2026-04-01,Deep-Backwardation,tier2_physical,fly136,1.991,1.7349,0.0266,TRUE,1.7083,-1.7083
LGO,2026-04-01,Deep-Backwardation,tier2_freight,fly136,1.991,1.7349,-1.0439,FALSE,2.7788,-2.7788
LGO,2026-04-01,Deep-Backwardation,tier3_full,fly136,1.991,1.7349,0.4167,TRUE,1.3182,-1.3182
LGO,2026-04-08,Deep-Backwardation,tier2_physical,m1m2,2.261,-0.5285,-0.157,TRUE,0.3716,0.3716
LGO,2026-04-08,Deep-Backwardation,tier2_freight,m1m2,2.261,-0.5285,0.0578,FALSE,0.5864,0.5864
LGO,2026-04-08,Deep-Backwardation,tier3_full,m1m2,2.261,-0.5285,0.1286,FALSE,0.6572,0.6572
LGO,2026-04-08,Deep-Backwardation,tier2_physical,m2m3,2.261,0.5705,-0.0129,FALSE,0.5834,-0.5834
LGO,2026-04-08,Deep-Backwardation,tier2_freight,m2m3,2.261,0.5705,-1.0137,FALSE,1.5842,-1.5842
LGO,2026-04-08,Deep-Backwardation,tier3_full,m2m3,2.261,0.5705,-0.0395,FALSE,0.6099,-0.6099
LGO,2026-04-08,Deep-Backwardation,tier2_physical,m1m6,2.261,0.9541,-0.0483,FALSE,1.0024,-1.0024
LGO,2026-04-08,Deep-Backwardation,tier2_freight,m1m6,2.261,0.9541,-0.2685,FALSE,1.2226,-1.2226
LGO,2026-04-08,Deep-Backwardation,tier3_full,m1m6,2.261,0.9541,-0.2219,FALSE,1.1761,-1.1761
LGO,2026-04-08,Deep-Backwardation,tier2_physical,fly123,2.261,-1.099,0.1874,FALSE,1.2864,1.2864
LGO,2026-04-08,Deep-Backwardation,tier2_freight,fly123,2.261,-1.099,0.0786,FALSE,1.1776,1.1776
LGO,2026-04-08,Deep-Backwardation,tier3_full,fly123,2.261,-1.099,0.1511,FALSE,1.2501,1.2501
LGO,2026-04-08,Deep-Backwardation,tier2_physical,fly136,2.261,-0.8702,0.0065,FALSE,0.8767,0.8767
LGO,2026-04-08,Deep-Backwardation,tier2_freight,fly136,2.261,-0.8702,-2.953,TRUE,2.0827,-2.0827
LGO,2026-04-08,Deep-Backwardation,tier3_full,fly136,2.261,-0.8702,0.3791,FALSE,1.2493,1.2493
LGO,2026-04-15,Deep-Backwardation,tier2_physical,m1m2,1.568,-5.2148,-0.1071,TRUE,5.1077,5.1077
LGO,2026-04-15,Deep-Backwardation,tier2_freight,m1m2,1.568,-5.2148,0.2499,FALSE,5.4647,5.4647
LGO,2026-04-15,Deep-Backwardation,tier3_full,m1m2,1.568,-5.2148,0.2829,FALSE,5.4976,5.4976
LGO,2026-04-15,Deep-Backwardation,tier2_physical,m2m3,1.568,-2.9888,-0.0123,TRUE,2.9766,2.9766
LGO,2026-04-15,Deep-Backwardation,tier2_freight,m2m3,1.568,-2.9888,0.212,FALSE,3.2008,3.2008
LGO,2026-04-15,Deep-Backwardation,tier3_full,m2m3,1.568,-2.9888,0.0031,FALSE,2.9919,2.9919
LGO,2026-04-15,Deep-Backwardation,tier2_physical,m1m6,1.568,-9.1342,-0.0457,TRUE,9.0885,9.0885
LGO,2026-04-15,Deep-Backwardation,tier2_freight,m1m6,1.568,-9.1342,0.0737,FALSE,9.208,9.208
LGO,2026-04-15,Deep-Backwardation,tier3_full,m1m6,1.568,-9.1342,0.0769,FALSE,9.2111,9.2111
LGO,2026-04-15,Deep-Backwardation,tier2_physical,fly123,1.568,-2.226,0.1877,FALSE,2.4136,2.4136
LGO,2026-04-15,Deep-Backwardation,tier2_freight,fly123,1.568,-2.226,0.265,FALSE,2.4909,2.4909
LGO,2026-04-15,Deep-Backwardation,tier3_full,fly123,1.568,-2.226,0.3214,FALSE,2.5473,2.5473
LGO,2026-04-15,Deep-Backwardation,tier2_physical,fly136,1.568,-7.2729,0.058,FALSE,7.3309,7.3309
LGO,2026-04-15,Deep-Backwardation,tier2_freight,fly136,1.568,-7.2729,2.2962,FALSE,9.5692,9.5692
LGO,2026-04-15,Deep-Backwardation,tier3_full,fly136,1.568,-7.2729,0.5465,FALSE,7.8194,7.8194
LGO,2026-04-22,Deep-Backwardation,tier2_physical,m1m2,1.157,0.7838,-0.0775,FALSE,0.8613,-0.8613
LGO,2026-04-22,Deep-Backwardation,tier2_freight,m1m2,1.157,0.7838,0.1534,TRUE,0.6304,-0.6304
LGO,2026-04-22,Deep-Backwardation,tier3_full,m1m2,1.157,0.7838,0.1965,TRUE,0.5873,-0.5873
LGO,2026-04-22,Deep-Backwardation,tier2_physical,m2m3,1.157,1.1074,-0.0119,FALSE,1.1193,-1.1193
LGO,2026-04-22,Deep-Backwardation,tier2_freight,m2m3,1.157,1.1074,-0.3122,FALSE,1.4196,-1.4196
LGO,2026-04-22,Deep-Backwardation,tier3_full,m2m3,1.157,1.1074,-0.0189,FALSE,1.1262,-1.1262
LGO,2026-04-22,Deep-Backwardation,tier2_physical,m1m6,1.157,2.6059,-0.0442,FALSE,2.6501,-2.6501
LGO,2026-04-22,Deep-Backwardation,tier2_freight,m1m6,1.157,2.6059,-0.0909,FALSE,2.6968,-2.6968
LGO,2026-04-22,Deep-Backwardation,tier3_full,m1m6,1.157,2.6059,-0.0878,FALSE,2.6938,-2.6938
LGO,2026-04-22,Deep-Backwardation,tier2_physical,fly123,1.157,-0.3236,0.1879,FALSE,0.5115,0.5115
LGO,2026-04-22,Deep-Backwardation,tier2_freight,fly123,1.157,-0.3236,0.1678,FALSE,0.4914,0.4914
LGO,2026-04-22,Deep-Backwardation,tier3_full,fly123,1.157,-0.3236,0.2237,FALSE,0.5473,0.5473
LGO,2026-04-22,Deep-Backwardation,tier2_physical,fly136,1.157,1.1764,0.0885,TRUE,1.0879,-1.0879
LGO,2026-04-22,Deep-Backwardation,tier2_freight,fly136,1.157,1.1764,-0.3842,FALSE,1.5606,-1.5606
LGO,2026-04-22,Deep-Backwardation,tier3_full,fly136,1.157,1.1764,0.454,TRUE,0.7225,-0.7225
LGO,2026-04-29,Deep-Backwardation,tier2_physical,m1m2,0.36,0.5649,-0.0201,FALSE,0.585,-0.585
LGO,2026-04-29,Deep-Backwardation,tier2_freight,m1m2,0.36,0.5649,0.1165,TRUE,0.4483,-0.4483
LGO,2026-04-29,Deep-Backwardation,tier3_full,m1m2,0.36,0.5649,0.1662,TRUE,0.3986,-0.3986
LGO,2026-04-29,Deep-Backwardation,tier2_physical,m2m3,0.36,-0.6376,-0.0111,TRUE,0.6264,0.6264
LGO,2026-04-29,Deep-Backwardation,tier2_freight,m2m3,0.36,-0.6376,-0.4691,TRUE,0.1685,0.1685
LGO,2026-04-29,Deep-Backwardation,tier3_full,m2m3,0.36,-0.6376,-0.0283,TRUE,0.6093,0.6093
LGO,2026-04-29,Deep-Backwardation,tier2_physical,m1m6,0.36,-2.0022,-0.0413,TRUE,1.961,1.961
LGO,2026-04-29,Deep-Backwardation,tier2_freight,m1m6,0.36,-2.0022,-0.1512,TRUE,1.851,1.851
LGO,2026-04-29,Deep-Backwardation,tier3_full,m1m6,0.36,-2.0022,-0.149,TRUE,1.8532,1.8532
LGO,2026-04-29,Deep-Backwardation,tier2_physical,fly123,0.36,1.2025,0.1882,TRUE,1.0142,-1.0142
LGO,2026-04-29,Deep-Backwardation,tier2_freight,fly123,0.36,1.2025,0.1294,TRUE,1.0731,-1.0731
LGO,2026-04-29,Deep-Backwardation,tier3_full,fly123,0.36,1.2025,0.1917,TRUE,1.0108,-1.0108
LGO,2026-04-29,Deep-Backwardation,tier2_physical,fly136,0.36,1.8568,0.1478,TRUE,1.709,-1.709
LGO,2026-04-29,Deep-Backwardation,tier2_freight,fly136,0.36,1.8568,-1.4094,FALSE,3.2662,-3.2662
LGO,2026-04-29,Deep-Backwardation,tier3_full,fly136,0.36,1.8568,0.4216,TRUE,1.4353,-1.4353
LGO,2026-05-06,Easing-Backwardation,tier2_physical,m1m2,-0.252,-2.198,0.0381,FALSE,2.236,2.236
LGO,2026-05-06,Easing-Backwardation,tier2_freight,m1m2,-0.252,-2.198,0.0381,FALSE,2.236,2.236
LGO,2026-05-06,Easing-Backwardation,tier3_full,m1m2,-0.252,-2.198,0.9465,FALSE,3.1445,3.1445
LGO,2026-05-06,Easing-Backwardation,tier2_physical,m2m3,-0.252,-0.1957,0.0428,FALSE,0.2385,0.2385
LGO,2026-05-06,Easing-Backwardation,tier2_freight,m2m3,-0.252,-0.1957,0.0428,FALSE,0.2385,0.2385
LGO,2026-05-06,Easing-Backwardation,tier3_full,m2m3,-0.252,-0.1957,0.0428,FALSE,0.2385,0.2385
LGO,2026-05-06,Easing-Backwardation,tier2_physical,m1m6,-0.252,-2.3406,0.2084,FALSE,2.549,2.549
LGO,2026-05-06,Easing-Backwardation,tier2_freight,m1m6,-0.252,-2.3406,4.0965,FALSE,6.4371,6.4371
LGO,2026-05-06,Easing-Backwardation,tier3_full,m1m6,-0.252,-2.3406,3.9635,FALSE,6.3041,6.3041
LGO,2026-05-06,Easing-Backwardation,tier2_physical,fly123,-0.252,-2.0022,-0.0047,TRUE,1.9975,1.9975
LGO,2026-05-06,Easing-Backwardation,tier2_freight,fly123,-0.252,-2.0022,0.7284,FALSE,2.7306,2.7306
LGO,2026-05-06,Easing-Backwardation,tier3_full,fly123,-0.252,-2.0022,0.3789,FALSE,2.3811,2.3811
LGO,2026-05-06,Easing-Backwardation,tier2_physical,fly136,-0.252,-2.4469,-0.0467,TRUE,2.4002,2.4002
LGO,2026-05-06,Easing-Backwardation,tier2_freight,fly136,-0.252,-2.4469,-0.0467,TRUE,2.4002,2.4002
LGO,2026-05-06,Easing-Backwardation,tier3_full,fly136,-0.252,-2.4469,-0.0467,TRUE,2.4002,2.4002
LGO,2026-05-13,Easing-Backwardation,tier2_physical,m1m2,-1.168,0.604,0.0381,TRUE,0.566,-0.566
LGO,2026-05-13,Easing-Backwardation,tier2_freight,m1m2,-1.168,0.604,0.0381,TRUE,0.566,-0.566
LGO,2026-05-13,Easing-Backwardation,tier3_full,m1m2,-1.168,0.604,-0.1566,FALSE,0.7606,-0.7606
LGO,2026-05-13,Easing-Backwardation,tier2_physical,m2m3,-1.168,0.7617,0.0428,TRUE,0.719,-0.719
LGO,2026-05-13,Easing-Backwardation,tier2_freight,m2m3,-1.168,0.7617,0.0428,TRUE,0.719,-0.719
LGO,2026-05-13,Easing-Backwardation,tier3_full,m2m3,-1.168,0.7617,0.0428,TRUE,0.719,-0.719
LGO,2026-05-13,Easing-Backwardation,tier2_physical,m1m6,-1.168,2.4161,0.2084,TRUE,2.2077,-2.2077
LGO,2026-05-13,Easing-Backwardation,tier2_freight,m1m6,-1.168,2.4161,-0.5109,FALSE,2.927,-2.927
LGO,2026-05-13,Easing-Backwardation,tier3_full,m1m6,-1.168,2.4161,-0.6397,FALSE,3.0558,-3.0558
LGO,2026-05-13,Easing-Backwardation,tier2_physical,fly123,-1.168,-0.1577,-0.0047,TRUE,0.153,0.153
LGO,2026-05-13,Easing-Backwardation,tier2_freight,fly123,-1.168,-0.1577,-0.1618,TRUE,0.0041,-0.0041
LGO,2026-05-13,Easing-Backwardation,tier3_full,fly123,-1.168,-0.1577,-0.0869,TRUE,0.0708,0.0708
LGO,2026-05-13,Easing-Backwardation,tier2_physical,fly136,-1.168,0.3154,-0.0467,FALSE,0.3621,-0.3621
LGO,2026-05-13,Easing-Backwardation,tier2_freight,fly136,-1.168,0.3154,-0.0467,FALSE,0.3621,-0.3621
LGO,2026-05-13,Easing-Backwardation,tier3_full,fly136,-1.168,0.3154,-0.0467,FALSE,0.3621,-0.3621
