product,regime,tier,spread_target,estimator,n_train,r2_insample,rmse_train,hit_train
CL,Warm-Up,old_t2_physical,m1m2,ridge,28,1e-04,0.0825,0.5714
CL,Warm-Up,old_t2_physical,m2m3,ridge,28,4e-04,0.0802,0.6786
CL,Warm-Up,old_t2_physical,m1m6,ridge,28,5e-04,0.5315,0.7143
CL,Warm-Up,old_t2_physical,fly123,ridge,28,4e-04,0.0697,0.6786
CL,Warm-Up,old_t2_physical,fly136,ridge,28,6e-04,0.4407,0.6071
CL,Warm-Up,old_t2_freight,m1m2,ridge,28,1e-04,0.0825,0.5714
CL,Warm-Up,old_t2_freight,m2m3,ridge,28,0.0045,0.0801,0.6786
CL,Warm-Up,old_t2_freight,m1m6,ridge,28,5e-04,0.5315,0.7143
CL,Warm-Up,old_t2_freight,fly123,ridge,28,4e-04,0.0697,0.6786
CL,Warm-Up,old_t2_freight,fly136,ridge,28,8e-04,0.4407,0.6071
CL,Warm-Up,old_t3_full,m1m2,ridge,28,9e-04,0.0825,0.5714
CL,Warm-Up,old_t3_full,m2m3,ridge,28,0.1641,0.0734,0.6786
CL,Warm-Up,old_t3_full,m1m6,ridge,28,0.0023,0.5311,0.7143
CL,Warm-Up,old_t3_full,fly123,ridge,28,0.0024,0.0696,0.6786
CL,Warm-Up,old_t3_full,fly136,ridge,28,0.1407,0.4087,0.5
CL,Warm-Up,sfm_t2_eia_full,m1m2,ridge,28,1e-04,0.0825,0.5714
CL,Warm-Up,sfm_t2_eia_full,m2m3,ridge,28,5e-04,0.0802,0.6786
CL,Warm-Up,sfm_t2_eia_full,m1m6,ridge,28,5e-04,0.5315,0.7143
CL,Warm-Up,sfm_t2_eia_full,fly123,ridge,28,4e-04,0.0697,0.6786
CL,Warm-Up,sfm_t2_eia_full,fly136,ridge,28,7e-04,0.4407,0.6071
CL,Warm-Up,sfm_t3_structural,m1m2,ridge,28,0.166,0.0754,0.6429
CL,Warm-Up,sfm_t3_structural,m2m3,ridge,28,0.5731,0.0524,0.6786
CL,Warm-Up,sfm_t3_structural,m1m6,ridge,28,0.0022,0.5311,0.7143
CL,Warm-Up,sfm_t3_structural,fly123,ridge,28,0.0051,0.0695,0.6786
CL,Warm-Up,sfm_t3_structural,fly136,ridge,28,0.1354,0.4099,0.5714
CL,Warm-Up,sfm_t4_combined,m1m2,ridge,28,0.0029,0.0824,0.5714
CL,Warm-Up,sfm_t4_combined,m2m3,ridge,28,0.2374,0.0701,0.6786
CL,Warm-Up,sfm_t4_combined,m1m6,ridge,28,0.1707,0.4842,0.7143
CL,Warm-Up,sfm_t4_combined,fly123,ridge,28,0.0044,0.0696,0.6786
CL,Warm-Up,sfm_t4_combined,fly136,ridge,28,0.0252,0.4353,0.6071
CL,Deep-Backwardation,old_t1_baseline,m1m2,lm,31,0.0924,0.2835,0.5806
CL,Deep-Backwardation,old_t1_baseline,m2m3,lm,31,0.125,0.2232,0.6774
CL,Deep-Backwardation,old_t1_baseline,m1m6,lm,31,0.1144,0.9266,0.6774
CL,Deep-Backwardation,old_t1_baseline,fly123,lm,31,0.0016,0.1553,0.5484
CL,Deep-Backwardation,old_t1_baseline,fly136,lm,31,0.003,0.2995,0.5161
CL,Deep-Backwardation,old_t2_physical,m1m2,ridge,31,0.061,0.2884,0.6129
CL,Deep-Backwardation,old_t2_physical,m2m3,ridge,31,0.0994,0.2264,0.5806
CL,Deep-Backwardation,old_t2_physical,m1m6,ridge,31,0.1444,0.9108,0.6774
CL,Deep-Backwardation,old_t2_physical,fly123,ridge,31,2e-04,0.1554,0.5484
CL,Deep-Backwardation,old_t2_physical,fly136,ridge,31,5e-04,0.2999,0.4839
CL,Deep-Backwardation,old_t2_freight,m1m2,ridge,31,0.0357,0.2923,0.5484
CL,Deep-Backwardation,old_t2_freight,m2m3,ridge,31,0.1129,0.2247,0.5484
CL,Deep-Backwardation,old_t2_freight,m1m6,ridge,31,0.1459,0.91,0.6129
CL,Deep-Backwardation,old_t2_freight,fly123,ridge,31,2e-04,0.1554,0.5484
CL,Deep-Backwardation,old_t2_freight,fly136,ridge,31,0.0047,0.2992,0.5484
CL,Deep-Backwardation,old_t3_full,m1m2,ridge,31,0.4592,0.2189,0.6452
CL,Deep-Backwardation,old_t3_full,m2m3,ridge,31,0.482,0.1717,0.7419
CL,Deep-Backwardation,old_t3_full,m1m6,ridge,31,0.3337,0.8037,0.7742
CL,Deep-Backwardation,old_t3_full,fly123,ridge,31,0.001,0.1554,0.5484
CL,Deep-Backwardation,old_t3_full,fly136,ridge,31,0.0017,0.2997,0.4839
CL,Deep-Backwardation,sfm_t1_eia_only,m1m2,lm,31,0.0924,0.2835,0.5806
CL,Deep-Backwardation,sfm_t1_eia_only,m2m3,lm,31,0.125,0.2232,0.6774
CL,Deep-Backwardation,sfm_t1_eia_only,m1m6,lm,31,0.1144,0.9266,0.6774
CL,Deep-Backwardation,sfm_t1_eia_only,fly123,lm,31,0.0016,0.1553,0.5484
CL,Deep-Backwardation,sfm_t1_eia_only,fly136,lm,31,0.003,0.2995,0.5161
CL,Deep-Backwardation,sfm_t2_eia_full,m1m2,ridge,31,0.0695,0.2871,0.6452
CL,Deep-Backwardation,sfm_t2_eia_full,m2m3,ridge,31,0.1097,0.2251,0.5806
CL,Deep-Backwardation,sfm_t2_eia_full,m1m6,ridge,31,0.0849,0.9419,0.6129
CL,Deep-Backwardation,sfm_t2_eia_full,fly123,ridge,31,2e-04,0.1554,0.5484
CL,Deep-Backwardation,sfm_t2_eia_full,fly136,ridge,31,5e-04,0.2999,0.4839
CL,Deep-Backwardation,sfm_t3_structural,m1m2,ridge,31,0.6655,0.1721,0.7742
CL,Deep-Backwardation,sfm_t3_structural,m2m3,ridge,31,0.4767,0.1726,0.6774
CL,Deep-Backwardation,sfm_t3_structural,m1m6,ridge,31,0.4497,0.7304,0.7742
CL,Deep-Backwardation,sfm_t3_structural,fly123,ridge,31,0.0028,0.1552,0.5484
CL,Deep-Backwardation,sfm_t3_structural,fly136,ridge,31,0.0022,0.2996,0.4839
CL,Deep-Backwardation,sfm_t4_combined,m1m2,ridge,31,0.1415,0.2758,0.7097
CL,Deep-Backwardation,sfm_t4_combined,m2m3,ridge,31,0.2489,0.2068,0.6452
CL,Deep-Backwardation,sfm_t4_combined,m1m6,ridge,31,0.23,0.864,0.6452
CL,Deep-Backwardation,sfm_t4_combined,fly123,ridge,31,0.0035,0.1552,0.5484
CL,Deep-Backwardation,sfm_t4_combined,fly136,ridge,31,0.0029,0.2995,0.4839
CL,Deep-Backwardation,old_t3_rf,m1m2,rf,50,0.7899,0.1725,0.84
CL,Deep-Backwardation,old_t3_rf,m2m3,rf,50,0.7911,0.1533,0.88
CL,Deep-Backwardation,old_t3_rf,m1m6,rf,50,0.7981,0.639,0.86
CL,Deep-Backwardation,old_t3_rf,fly123,rf,50,0.7571,0.1002,0.8
CL,Deep-Backwardation,old_t3_rf,fly136,rf,50,0.7425,0.2186,0.9
CL,Deep-Backwardation,old_t3_xgb,m1m2,xgb,50,0.0418,0.3684,0.48
CL,Deep-Backwardation,old_t3_xgb,m2m3,xgb,50,0.0328,0.3299,0.56
CL,Deep-Backwardation,old_t3_xgb,m1m6,xgb,50,0.0334,1.3983,0.56
CL,Deep-Backwardation,old_t3_xgb,fly123,xgb,50,0.0196,0.2012,0.54
CL,Deep-Backwardation,old_t3_xgb,fly136,xgb,50,0.0289,0.4245,0.54
CL,Deep-Backwardation,sfm_t4_rf,m1m2,rf,50,0.83,0.1551,0.88
CL,Deep-Backwardation,sfm_t4_rf,m2m3,rf,50,0.8211,0.1419,0.86
CL,Deep-Backwardation,sfm_t4_rf,m1m6,rf,50,0.8098,0.6202,0.86
CL,Deep-Backwardation,sfm_t4_rf,fly123,rf,50,0.7888,0.0934,0.82
CL,Deep-Backwardation,sfm_t4_rf,fly136,rf,50,0.7781,0.2029,0.9
CL,Deep-Backwardation,sfm_t4_xgb,m1m2,xgb,50,0.0232,0.3719,0.48
CL,Deep-Backwardation,sfm_t4_xgb,m2m3,xgb,50,0.0367,0.3292,0.56
CL,Deep-Backwardation,sfm_t4_xgb,m1m6,xgb,50,0.0314,1.3997,0.56
CL,Deep-Backwardation,sfm_t4_xgb,fly123,xgb,50,0.0512,0.198,0.54
CL,Deep-Backwardation,sfm_t4_xgb,fly136,xgb,50,0.0312,0.424,0.62
CL,Easing-Backwardation,old_t1_baseline,m1m2,lm,39,0.0044,0.2703,0.641
CL,Easing-Backwardation,old_t1_baseline,m2m3,lm,39,2e-04,0.2026,0.5385
CL,Easing-Backwardation,old_t1_baseline,m1m6,lm,39,0.0017,1.3152,0.5385
CL,Easing-Backwardation,old_t1_baseline,fly123,lm,39,0.0067,0.1809,0.641
CL,Easing-Backwardation,old_t1_baseline,fly136,lm,39,0.0096,0.9773,0.6154
CL,Easing-Backwardation,old_t2_physical,m1m2,ridge,39,1e-04,0.2708,0.641
CL,Easing-Backwardation,old_t2_physical,m2m3,ridge,39,0,0.2027,0.4872
CL,Easing-Backwardation,old_t2_physical,m1m6,ridge,39,3e-04,1.3161,0.5897
CL,Easing-Backwardation,old_t2_physical,fly123,ridge,39,2e-04,0.1815,0.641
CL,Easing-Backwardation,old_t2_physical,fly136,ridge,39,5e-04,0.9818,0.6154
CL,Easing-Backwardation,old_t2_freight,m1m2,ridge,39,8e-04,0.2707,0.641
CL,Easing-Backwardation,old_t2_freight,m2m3,ridge,39,0.0025,0.2024,0.5641
CL,Easing-Backwardation,old_t2_freight,m1m6,ridge,39,3e-04,1.3161,0.5897
CL,Easing-Backwardation,old_t2_freight,fly123,ridge,39,0.0019,0.1814,0.641
CL,Easing-Backwardation,old_t2_freight,fly136,ridge,39,4e-04,0.9818,0.6154
CL,Easing-Backwardation,old_t3_full,m1m2,ridge,39,0.0015,0.2706,0.641
CL,Easing-Backwardation,old_t3_full,m2m3,ridge,39,0.0218,0.2005,0.6154
CL,Easing-Backwardation,old_t3_full,m1m6,ridge,39,9e-04,1.3157,0.5897
CL,Easing-Backwardation,old_t3_full,fly123,ridge,39,0.0029,0.1813,0.641
CL,Easing-Backwardation,old_t3_full,fly136,ridge,39,0.0012,0.9814,0.6154
CL,Easing-Backwardation,sfm_t1_eia_only,m1m2,lm,39,0.0044,0.2703,0.641
CL,Easing-Backwardation,sfm_t1_eia_only,m2m3,lm,39,2e-04,0.2026,0.5385
CL,Easing-Backwardation,sfm_t1_eia_only,m1m6,lm,39,0.0017,1.3152,0.5385
CL,Easing-Backwardation,sfm_t1_eia_only,fly123,lm,39,0.0067,0.1809,0.641
CL,Easing-Backwardation,sfm_t1_eia_only,fly136,lm,39,0.0096,0.9773,0.6154
CL,Easing-Backwardation,sfm_t2_eia_full,m1m2,ridge,39,1e-04,0.2708,0.641
CL,Easing-Backwardation,sfm_t2_eia_full,m2m3,ridge,39,0,0.2027,0.4872
CL,Easing-Backwardation,sfm_t2_eia_full,m1m6,ridge,39,3e-04,1.3161,0.5897
CL,Easing-Backwardation,sfm_t2_eia_full,fly123,ridge,39,2e-04,0.1815,0.641
CL,Easing-Backwardation,sfm_t2_eia_full,fly136,ridge,39,4e-04,0.9818,0.6154
CL,Easing-Backwardation,sfm_t3_structural,m1m2,ridge,39,0.0017,0.2706,0.641
CL,Easing-Backwardation,sfm_t3_structural,m2m3,ridge,39,0.491,0.1446,0.7179
CL,Easing-Backwardation,sfm_t3_structural,m1m6,ridge,39,0.3935,1.0251,0.6154
CL,Easing-Backwardation,sfm_t3_structural,fly123,ridge,39,0.1297,0.1694,0.641
CL,Easing-Backwardation,sfm_t3_structural,fly136,ridge,39,0.2502,0.8503,0.641
CL,Easing-Backwardation,sfm_t4_combined,m1m2,ridge,39,0.002,0.2706,0.641
CL,Easing-Backwardation,sfm_t4_combined,m2m3,ridge,39,0.1875,0.1827,0.6923
CL,Easing-Backwardation,sfm_t4_combined,m1m6,ridge,39,0.5582,0.8749,0.5385
CL,Easing-Backwardation,sfm_t4_combined,fly123,ridge,39,0.0342,0.1784,0.641
CL,Easing-Backwardation,sfm_t4_combined,fly136,ridge,39,0.0973,0.933,0.6154
CL,Easing-Backwardation,old_t3_rf,m1m2,rf,49,0.7182,0.1336,0.8163
CL,Easing-Backwardation,old_t3_rf,m2m3,rf,49,0.7539,0.0916,0.8571
CL,Easing-Backwardation,old_t3_rf,m1m6,rf,49,0.752,0.5897,0.8163
CL,Easing-Backwardation,old_t3_rf,fly123,rf,49,0.7391,0.0854,0.8163
CL,Easing-Backwardation,old_t3_rf,fly136,rf,49,0.7483,0.4439,0.8163
CL,Easing-Backwardation,old_t3_xgb,m1m2,xgb,49,0.0293,0.2479,0.6122
CL,Easing-Backwardation,old_t3_xgb,m2m3,xgb,49,0.0143,0.1833,0.5918
CL,Easing-Backwardation,old_t3_xgb,m1m6,xgb,49,0.0191,1.1727,0.5918
CL,Easing-Backwardation,old_t3_xgb,fly123,xgb,49,0.0358,0.1642,0.5918
CL,Easing-Backwardation,old_t3_xgb,fly136,xgb,49,0.02,0.8761,0.6122
CL,Easing-Backwardation,sfm_t4_rf,m1m2,rf,49,0.7214,0.1328,0.8776
CL,Easing-Backwardation,sfm_t4_rf,m2m3,rf,49,0.7671,0.0891,0.8367
CL,Easing-Backwardation,sfm_t4_rf,m1m6,rf,49,0.7925,0.5394,0.898
CL,Easing-Backwardation,sfm_t4_rf,fly123,rf,49,0.7847,0.0776,0.7755
CL,Easing-Backwardation,sfm_t4_rf,fly136,rf,49,0.8183,0.3773,0.8571
CL,Easing-Backwardation,sfm_t4_xgb,m1m2,xgb,49,0.0344,0.2473,0.6122
CL,Easing-Backwardation,sfm_t4_xgb,m2m3,xgb,49,0.0312,0.1818,0.5714
CL,Easing-Backwardation,sfm_t4_xgb,m1m6,xgb,49,0.0246,1.1695,0.5918
CL,Easing-Backwardation,sfm_t4_xgb,fly123,xgb,49,0.0416,0.1637,0.5918
CL,Easing-Backwardation,sfm_t4_xgb,fly136,xgb,49,0.0242,0.8742,0.6122
CL,Stable-Elevated,old_t2_physical,m1m2,ridge,18,0.0857,0.2881,0.6111
CL,Stable-Elevated,old_t2_physical,m2m3,ridge,18,3e-04,0.3183,0.4444
CL,Stable-Elevated,old_t2_physical,m1m6,ridge,18,4e-04,1.1388,0.4444
CL,Stable-Elevated,old_t2_physical,fly123,ridge,18,0.0014,0.151,0.6111
CL,Stable-Elevated,old_t2_physical,fly136,ridge,18,0.1882,0.231,0.5556
CL,Stable-Elevated,old_t2_freight,m1m2,ridge,18,0.0298,0.2968,0.4444
CL,Stable-Elevated,old_t2_freight,m2m3,ridge,18,5e-04,0.3183,0.4444
CL,Stable-Elevated,old_t2_freight,m1m6,ridge,18,7e-04,1.1386,0.4444
CL,Stable-Elevated,old_t2_freight,fly123,ridge,18,0.0022,0.1509,0.7222
CL,Stable-Elevated,old_t2_freight,fly136,ridge,18,0.1012,0.2431,0.5
CL,Stable-Elevated,old_t3_full,m1m2,ridge,18,0.0033,0.3008,0.4444
CL,Stable-Elevated,old_t3_full,m2m3,ridge,18,0.0014,0.3182,0.4444
CL,Stable-Elevated,old_t3_full,m1m6,ridge,18,0.0017,1.138,0.4444
CL,Stable-Elevated,old_t3_full,fly123,ridge,18,0.0475,0.1475,0.8333
CL,Stable-Elevated,old_t3_full,fly136,ridge,18,0.0572,0.249,0.5
CL,Stable-Elevated,sfm_t2_eia_full,m1m2,ridge,18,0.1202,0.2826,0.6667
CL,Stable-Elevated,sfm_t2_eia_full,m2m3,ridge,18,3e-04,0.3183,0.4444
CL,Stable-Elevated,sfm_t2_eia_full,m1m6,ridge,18,4e-04,1.1388,0.4444
CL,Stable-Elevated,sfm_t2_eia_full,fly123,ridge,18,0.0012,0.151,0.6111
CL,Stable-Elevated,sfm_t2_eia_full,fly136,ridge,18,0.127,0.2396,0.5
CL,Stable-Elevated,sfm_t3_structural,m1m2,ridge,18,0.0049,0.3005,0.4444
CL,Stable-Elevated,sfm_t3_structural,m2m3,ridge,18,0.0031,0.3179,0.4444
CL,Stable-Elevated,sfm_t3_structural,m1m6,ridge,18,0.0035,1.137,0.4444
CL,Stable-Elevated,sfm_t3_structural,fly123,ridge,18,0.0452,0.1476,0.7778
CL,Stable-Elevated,sfm_t3_structural,fly136,ridge,18,0.0568,0.249,0.5
CL,Stable-Elevated,sfm_t4_combined,m1m2,ridge,18,0.0108,0.2996,0.4444
CL,Stable-Elevated,sfm_t4_combined,m2m3,ridge,18,0.0047,0.3177,0.4444
CL,Stable-Elevated,sfm_t4_combined,m1m6,ridge,18,0.0037,1.1369,0.4444
CL,Stable-Elevated,sfm_t4_combined,fly123,ridge,18,0.0045,0.1507,0.7778
CL,Stable-Elevated,sfm_t4_combined,fly136,ridge,18,0.0108,0.255,0.5
CL,ALL_REGIMES,old_t1_baseline,m1m2,lm,138,0.0019,0.2484,0.5
CL,ALL_REGIMES,old_t1_baseline,m2m3,lm,138,0.0081,0.2044,0.5942
CL,ALL_REGIMES,old_t1_baseline,m1m6,lm,138,0.0021,1.0062,0.6159
CL,ALL_REGIMES,old_t1_baseline,fly123,lm,138,0.0028,0.1467,0.587
CL,ALL_REGIMES,old_t1_baseline,fly136,lm,138,4e-04,0.6043,0.5797
CL,ALL_REGIMES,old_t2_physical,m1m2,lm,138,,,
CL,ALL_REGIMES,old_t2_physical,m2m3,lm,138,,,
CL,ALL_REGIMES,old_t2_physical,m1m6,lm,138,,,
CL,ALL_REGIMES,old_t2_physical,fly123,lm,138,,,
CL,ALL_REGIMES,old_t2_physical,fly136,lm,138,,,
CL,ALL_REGIMES,old_t2_freight,m1m2,lm,138,,,
CL,ALL_REGIMES,old_t2_freight,m2m3,lm,138,,,
CL,ALL_REGIMES,old_t2_freight,m1m6,lm,138,,,
CL,ALL_REGIMES,old_t2_freight,fly123,lm,138,,,
CL,ALL_REGIMES,old_t2_freight,fly136,lm,138,,,
CL,ALL_REGIMES,old_t3_full,m1m2,lasso,138,0.0338,0.2444,0.6232
CL,ALL_REGIMES,old_t3_full,m2m3,lasso,138,0.106,0.1941,0.7101
CL,ALL_REGIMES,old_t3_full,m1m6,lasso,138,0,1.0072,0.6159
CL,ALL_REGIMES,old_t3_full,fly123,lasso,138,0,0.1469,0.587
CL,ALL_REGIMES,old_t3_full,fly136,lasso,138,0,0.6045,0.5797
CL,ALL_REGIMES,sfm_t1_eia_only,m1m2,lm,138,0.0019,0.2484,0.5
CL,ALL_REGIMES,sfm_t1_eia_only,m2m3,lm,138,0.0081,0.2044,0.5942
CL,ALL_REGIMES,sfm_t1_eia_only,m1m6,lm,138,0.0021,1.0062,0.6159
CL,ALL_REGIMES,sfm_t1_eia_only,fly123,lm,138,0.0028,0.1467,0.587
CL,ALL_REGIMES,sfm_t1_eia_only,fly136,lm,138,4e-04,0.6043,0.5797
CL,ALL_REGIMES,sfm_t2_eia_full,m1m2,lm,138,,,
CL,ALL_REGIMES,sfm_t2_eia_full,m2m3,lm,138,,,
CL,ALL_REGIMES,sfm_t2_eia_full,m1m6,lm,138,,,
CL,ALL_REGIMES,sfm_t2_eia_full,fly123,lm,138,,,
CL,ALL_REGIMES,sfm_t2_eia_full,fly136,lm,138,,,
CL,ALL_REGIMES,sfm_t3_structural,m1m2,lasso,138,0.0425,0.2433,0.5652
CL,ALL_REGIMES,sfm_t3_structural,m2m3,lasso,138,0.3039,0.1712,0.6014
CL,ALL_REGIMES,sfm_t3_structural,m1m6,lasso,138,0.0578,0.9777,0.6377
CL,ALL_REGIMES,sfm_t3_structural,fly123,lasso,138,0.0082,0.1463,0.587
CL,ALL_REGIMES,sfm_t3_structural,fly136,lasso,138,0,0.6045,0.5797
CL,ALL_REGIMES,sfm_t4_combined,m1m2,lasso,138,0.0425,0.2433,0.5652
CL,ALL_REGIMES,sfm_t4_combined,m2m3,lasso,138,0.3353,0.1673,0.6232
CL,ALL_REGIMES,sfm_t4_combined,m1m6,lasso,138,0.0748,0.9688,0.6594
CL,ALL_REGIMES,sfm_t4_combined,fly123,lasso,138,0.0082,0.1463,0.587
CL,ALL_REGIMES,sfm_t4_combined,fly136,lasso,138,0,0.6045,0.5797
CL,ALL_REGIMES,old_t3_rf,m1m2,rf,197,0.6072,0.1653,0.8071
CL,ALL_REGIMES,old_t3_rf,m2m3,rf,197,0.6033,0.1481,0.8376
CL,ALL_REGIMES,old_t3_rf,m1m6,rf,197,0.6006,0.6827,0.8223
CL,ALL_REGIMES,old_t3_rf,fly123,rf,197,0.592,0.101,0.8173
CL,ALL_REGIMES,old_t3_rf,fly136,rf,197,0.4972,0.3892,0.8223
CL,ALL_REGIMES,old_t3_xgb,m1m2,xgb,197,0.011,0.2623,0.5482
CL,ALL_REGIMES,old_t3_xgb,m2m3,xgb,197,0.0135,0.2335,0.5787
CL,ALL_REGIMES,old_t3_xgb,m1m6,xgb,197,0.0207,1.069,0.5838
CL,ALL_REGIMES,old_t3_xgb,fly123,xgb,197,0.0085,0.1575,0.5685
CL,ALL_REGIMES,old_t3_xgb,fly136,xgb,197,0.0218,0.5429,0.5685
CL,ALL_REGIMES,sfm_t4_rf,m1m2,rf,197,0.6665,0.1523,0.8274
CL,ALL_REGIMES,sfm_t4_rf,m2m3,rf,197,0.6778,0.1334,0.8477
CL,ALL_REGIMES,sfm_t4_rf,m1m6,rf,197,0.6648,0.6255,0.8477
CL,ALL_REGIMES,sfm_t4_rf,fly123,rf,197,0.6651,0.0915,0.8426
CL,ALL_REGIMES,sfm_t4_rf,fly136,rf,197,0.5689,0.3604,0.8173
CL,ALL_REGIMES,sfm_t4_xgb,m1m2,xgb,197,0.0195,0.2612,0.5381
CL,ALL_REGIMES,sfm_t4_xgb,m2m3,xgb,197,0.0218,0.2325,0.5787
CL,ALL_REGIMES,sfm_t4_xgb,m1m6,xgb,197,0.0196,1.0696,0.599
CL,ALL_REGIMES,sfm_t4_xgb,fly123,xgb,197,0.013,0.1571,0.5685
CL,ALL_REGIMES,sfm_t4_xgb,fly136,xgb,197,0.0041,0.5478,0.5685
LCO,Warm-Up,old_t2_physical,m1m2,ridge,28,5e-04,0.2049,0.5357
LCO,Warm-Up,old_t2_physical,m2m3,ridge,28,0.0193,0.0832,0.5714
LCO,Warm-Up,old_t2_physical,m1m6,ridge,28,6e-04,0.4063,0.7143
LCO,Warm-Up,old_t2_physical,fly123,ridge,28,0.0242,0.1883,0.5714
LCO,Warm-Up,old_t2_physical,fly136,ridge,28,0.1273,0.1704,0.75
LCO,Warm-Up,old_t2_freight,m1m2,ridge,28,0.027,0.2022,0.5357
LCO,Warm-Up,old_t2_freight,m2m3,ridge,28,8e-04,0.084,0.5714
LCO,Warm-Up,old_t2_freight,m1m6,ridge,28,0.0961,0.3864,0.7857
LCO,Warm-Up,old_t2_freight,fly123,ridge,28,8e-04,0.1905,0.5
LCO,Warm-Up,old_t2_freight,fly136,ridge,28,0.1383,0.1693,0.75
LCO,Warm-Up,old_t3_full,m1m2,ridge,28,0.1036,0.194,0.5357
LCO,Warm-Up,old_t3_full,m2m3,ridge,28,0.001,0.084,0.5714
LCO,Warm-Up,old_t3_full,m1m6,ridge,28,9e-04,0.4063,0.7143
LCO,Warm-Up,old_t3_full,fly123,ridge,28,0.1224,0.1785,0.6071
LCO,Warm-Up,old_t3_full,fly136,ridge,28,0.2048,0.1627,0.7143
LCO,Warm-Up,sfm_t2_eia_full,m1m2,ridge,28,5e-04,0.2049,0.5357
LCO,Warm-Up,sfm_t2_eia_full,m2m3,ridge,28,0.0333,0.0826,0.5714
LCO,Warm-Up,sfm_t2_eia_full,m1m6,ridge,28,0.0713,0.3917,0.7143
LCO,Warm-Up,sfm_t2_eia_full,fly123,ridge,28,4e-04,0.1905,0.5
LCO,Warm-Up,sfm_t2_eia_full,fly136,ridge,28,0.0407,0.1787,0.6786
LCO,Warm-Up,sfm_t3_structural,m1m2,ridge,28,0.0029,0.2046,0.5357
LCO,Warm-Up,sfm_t3_structural,m2m3,ridge,28,0.001,0.084,0.5714
LCO,Warm-Up,sfm_t3_structural,m1m6,ridge,28,0.001,0.4063,0.7143
LCO,Warm-Up,sfm_t3_structural,fly123,ridge,28,0.0454,0.1862,0.5357
LCO,Warm-Up,sfm_t3_structural,fly136,ridge,28,0.1689,0.1663,0.6786
LCO,Warm-Up,sfm_t4_combined,m1m2,ridge,28,0.0207,0.2028,0.5357
LCO,Warm-Up,sfm_t4_combined,m2m3,ridge,28,0.0012,0.084,0.5714
LCO,Warm-Up,sfm_t4_combined,m1m6,ridge,28,0.0011,0.4062,0.7143
LCO,Warm-Up,sfm_t4_combined,fly123,ridge,28,0.0072,0.1899,0.5
LCO,Warm-Up,sfm_t4_combined,fly136,ridge,28,0.1076,0.1723,0.7143
LCO,Deep-Backwardation,old_t1_baseline,m1m2,lm,31,0.0657,0.3754,0.7097
LCO,Deep-Backwardation,old_t1_baseline,m2m3,lm,31,0.1637,0.1639,0.7742
LCO,Deep-Backwardation,old_t1_baseline,m1m6,lm,31,0.133,0.7376,0.6452
LCO,Deep-Backwardation,old_t1_baseline,fly123,lm,31,0.0074,0.3136,0.5806
LCO,Deep-Backwardation,old_t1_baseline,fly136,lm,31,0.028,0.3259,0.6129
LCO,Deep-Backwardation,old_t2_physical,m1m2,ridge,31,0.0314,0.3822,0.6452
LCO,Deep-Backwardation,old_t2_physical,m2m3,ridge,31,0.1687,0.1634,0.7742
LCO,Deep-Backwardation,old_t2_physical,m1m6,ridge,31,0.1471,0.7316,0.7097
LCO,Deep-Backwardation,old_t2_physical,fly123,ridge,31,3e-04,0.3147,0.5806
LCO,Deep-Backwardation,old_t2_physical,fly136,ridge,31,0.0148,0.3281,0.6129
LCO,Deep-Backwardation,old_t2_freight,m1m2,ridge,31,0.0611,0.3764,0.6452
LCO,Deep-Backwardation,old_t2_freight,m2m3,ridge,31,0.2257,0.1577,0.7097
LCO,Deep-Backwardation,old_t2_freight,m1m6,ridge,31,0.1066,0.7487,0.6774
LCO,Deep-Backwardation,old_t2_freight,fly123,ridge,31,5e-04,0.3147,0.5806
LCO,Deep-Backwardation,old_t2_freight,fly136,ridge,31,5e-04,0.3305,0.6129
LCO,Deep-Backwardation,old_t3_full,m1m2,ridge,31,0.1565,0.3567,0.6452
LCO,Deep-Backwardation,old_t3_full,m2m3,ridge,31,0.1992,0.1603,0.7097
LCO,Deep-Backwardation,old_t3_full,m1m6,ridge,31,0.1312,0.7384,0.6452
LCO,Deep-Backwardation,old_t3_full,fly123,ridge,31,0.0023,0.3144,0.5806
LCO,Deep-Backwardation,old_t3_full,fly136,ridge,31,0.0594,0.3206,0.6129
LCO,Deep-Backwardation,sfm_t1_eia_only,m1m2,lm,31,0.0657,0.3754,0.7097
LCO,Deep-Backwardation,sfm_t1_eia_only,m2m3,lm,31,0.1637,0.1639,0.7742
LCO,Deep-Backwardation,sfm_t1_eia_only,m1m6,lm,31,0.133,0.7376,0.6452
LCO,Deep-Backwardation,sfm_t1_eia_only,fly123,lm,31,0.0074,0.3136,0.5806
LCO,Deep-Backwardation,sfm_t1_eia_only,fly136,lm,31,0.028,0.3259,0.6129
LCO,Deep-Backwardation,sfm_t2_eia_full,m1m2,ridge,31,0.0205,0.3844,0.6452
LCO,Deep-Backwardation,sfm_t2_eia_full,m2m3,ridge,31,0.1759,0.1627,0.7742
LCO,Deep-Backwardation,sfm_t2_eia_full,m1m6,ridge,31,0.1161,0.7447,0.6774
LCO,Deep-Backwardation,sfm_t2_eia_full,fly123,ridge,31,3e-04,0.3147,0.5806
LCO,Deep-Backwardation,sfm_t2_eia_full,fly136,ridge,31,0.03,0.3256,0.6129
LCO,Deep-Backwardation,sfm_t3_structural,m1m2,ridge,31,0.0116,0.3862,0.6452
LCO,Deep-Backwardation,sfm_t3_structural,m2m3,ridge,31,0.4339,0.1348,0.7419
LCO,Deep-Backwardation,sfm_t3_structural,m1m6,ridge,31,0.1288,0.7394,0.6452
LCO,Deep-Backwardation,sfm_t3_structural,fly123,ridge,31,0.0025,0.3144,0.5806
LCO,Deep-Backwardation,sfm_t3_structural,fly136,ridge,31,0.0022,0.3302,0.6129
LCO,Deep-Backwardation,sfm_t4_combined,m1m2,ridge,31,0.0034,0.3878,0.6452
LCO,Deep-Backwardation,sfm_t4_combined,m2m3,ridge,31,0.2836,0.1517,0.7419
LCO,Deep-Backwardation,sfm_t4_combined,m1m6,ridge,31,0.2097,0.7042,0.6452
LCO,Deep-Backwardation,sfm_t4_combined,fly123,ridge,31,0.0026,0.3144,0.5806
LCO,Deep-Backwardation,sfm_t4_combined,fly136,ridge,31,0.0025,0.3302,0.6129
LCO,Deep-Backwardation,old_t3_rf,m1m2,rf,50,0.7576,0.1823,0.84
LCO,Deep-Backwardation,old_t3_rf,m2m3,rf,50,0.7914,0.1282,0.98
LCO,Deep-Backwardation,old_t3_rf,m1m6,rf,50,0.775,0.528,0.9
LCO,Deep-Backwardation,old_t3_rf,fly123,rf,50,0.7663,0.1565,0.78
LCO,Deep-Backwardation,old_t3_rf,fly136,rf,50,0.7827,0.1941,0.8
LCO,Deep-Backwardation,old_t3_xgb,m1m2,xgb,50,0.035,0.3637,0.66
LCO,Deep-Backwardation,old_t3_xgb,m2m3,xgb,50,0.0185,0.2782,0.74
LCO,Deep-Backwardation,old_t3_xgb,m1m6,xgb,50,0.0422,1.0895,0.66
LCO,Deep-Backwardation,old_t3_xgb,fly123,xgb,50,0.0023,0.3233,0.56
LCO,Deep-Backwardation,old_t3_xgb,fly136,xgb,50,0.0072,0.4148,0.54
LCO,Deep-Backwardation,sfm_t4_rf,m1m2,rf,50,0.799,0.166,0.86
LCO,Deep-Backwardation,sfm_t4_rf,m2m3,rf,50,0.8321,0.1151,0.96
LCO,Deep-Backwardation,sfm_t4_rf,m1m6,rf,50,0.821,0.471,0.88
LCO,Deep-Backwardation,sfm_t4_rf,fly123,rf,50,0.7505,0.1617,0.82
LCO,Deep-Backwardation,sfm_t4_rf,fly136,rf,50,0.7613,0.2034,0.8
LCO,Deep-Backwardation,sfm_t4_xgb,m1m2,xgb,50,0.0295,0.3647,0.66
LCO,Deep-Backwardation,sfm_t4_xgb,m2m3,xgb,50,0.0433,0.2746,0.74
LCO,Deep-Backwardation,sfm_t4_xgb,m1m6,xgb,50,0.0282,1.0974,0.66
LCO,Deep-Backwardation,sfm_t4_xgb,fly123,xgb,50,0.0083,0.3224,0.56
LCO,Deep-Backwardation,sfm_t4_xgb,fly136,xgb,50,0.0436,0.4071,0.54
LCO,Easing-Backwardation,old_t1_baseline,m1m2,lm,39,0.0283,0.388,0.5897
LCO,Easing-Backwardation,old_t1_baseline,m2m3,lm,39,0.0142,0.1929,0.641
LCO,Easing-Backwardation,old_t1_baseline,m1m6,lm,39,0.0208,0.824,0.5897
LCO,Easing-Backwardation,old_t1_baseline,fly123,lm,39,0.0209,0.2947,0.4872
LCO,Easing-Backwardation,old_t1_baseline,fly136,lm,39,0.0261,0.3579,0.5897
LCO,Easing-Backwardation,old_t2_physical,m1m2,ridge,39,0.0345,0.3868,0.5641
LCO,Easing-Backwardation,old_t2_physical,m2m3,ridge,39,2e-04,0.1942,0.641
LCO,Easing-Backwardation,old_t2_physical,m1m6,ridge,39,6e-04,0.8325,0.5641
LCO,Easing-Backwardation,old_t2_physical,fly123,ridge,39,0.0171,0.2953,0.5641
LCO,Easing-Backwardation,old_t2_physical,fly136,ridge,39,0.0301,0.3572,0.641
LCO,Easing-Backwardation,old_t2_freight,m1m2,ridge,39,0.0446,0.3848,0.5897
LCO,Easing-Backwardation,old_t2_freight,m2m3,ridge,39,4e-04,0.1942,0.641
LCO,Easing-Backwardation,old_t2_freight,m1m6,ridge,39,9e-04,0.8323,0.5641
LCO,Easing-Backwardation,old_t2_freight,fly123,ridge,39,0.0191,0.295,0.641
LCO,Easing-Backwardation,old_t2_freight,fly136,ridge,39,0.1101,0.3421,0.6154
LCO,Easing-Backwardation,old_t3_full,m1m2,ridge,39,0.1406,0.3649,0.5641
LCO,Easing-Backwardation,old_t3_full,m2m3,ridge,39,0.0018,0.1941,0.641
LCO,Easing-Backwardation,old_t3_full,m1m6,ridge,39,0.0225,0.8233,0.5641
LCO,Easing-Backwardation,old_t3_full,fly123,ridge,39,0.2795,0.2528,0.7692
LCO,Easing-Backwardation,old_t3_full,fly136,ridge,39,0.1812,0.3282,0.6154
LCO,Easing-Backwardation,sfm_t1_eia_only,m1m2,lm,39,0.0283,0.388,0.5897
LCO,Easing-Backwardation,sfm_t1_eia_only,m2m3,lm,39,0.0142,0.1929,0.641
LCO,Easing-Backwardation,sfm_t1_eia_only,m1m6,lm,39,0.0208,0.824,0.5897
LCO,Easing-Backwardation,sfm_t1_eia_only,fly123,lm,39,0.0209,0.2947,0.4872
LCO,Easing-Backwardation,sfm_t1_eia_only,fly136,lm,39,0.0261,0.3579,0.5897
LCO,Easing-Backwardation,sfm_t2_eia_full,m1m2,ridge,39,0.0266,0.3884,0.5897
LCO,Easing-Backwardation,sfm_t2_eia_full,m2m3,ridge,39,2e-04,0.1942,0.641
LCO,Easing-Backwardation,sfm_t2_eia_full,m1m6,ridge,39,8e-04,0.8324,0.5641
LCO,Easing-Backwardation,sfm_t2_eia_full,fly123,ridge,39,0.0477,0.2906,0.6154
LCO,Easing-Backwardation,sfm_t2_eia_full,fly136,ridge,39,0.0355,0.3562,0.641
LCO,Easing-Backwardation,sfm_t3_structural,m1m2,ridge,39,0.204,0.3512,0.641
LCO,Easing-Backwardation,sfm_t3_structural,m2m3,ridge,39,0.0038,0.1939,0.641
LCO,Easing-Backwardation,sfm_t3_structural,m1m6,ridge,39,0.0157,0.8262,0.5641
LCO,Easing-Backwardation,sfm_t3_structural,fly123,ridge,39,0.2938,0.2503,0.6667
LCO,Easing-Backwardation,sfm_t3_structural,fly136,ridge,39,0.373,0.2872,0.7949
LCO,Easing-Backwardation,sfm_t4_combined,m1m2,ridge,39,0.4154,0.301,0.7436
LCO,Easing-Backwardation,sfm_t4_combined,m2m3,ridge,39,0.0027,0.194,0.641
LCO,Easing-Backwardation,sfm_t4_combined,m1m6,ridge,39,0.0632,0.806,0.5641
LCO,Easing-Backwardation,sfm_t4_combined,fly123,ridge,39,0.369,0.2366,0.6923
LCO,Easing-Backwardation,sfm_t4_combined,fly136,ridge,39,0.2547,0.3131,0.7179
LCO,Easing-Backwardation,old_t3_rf,m1m2,rf,49,0.8192,0.1506,0.8367
LCO,Easing-Backwardation,old_t3_rf,m2m3,rf,49,0.7427,0.0902,0.8571
LCO,Easing-Backwardation,old_t3_rf,m1m6,rf,49,0.7708,0.3609,0.898
LCO,Easing-Backwardation,old_t3_rf,fly123,rf,49,0.8045,0.1183,0.898
LCO,Easing-Backwardation,old_t3_rf,fly136,rf,49,0.8136,0.1418,0.898
LCO,Easing-Backwardation,old_t3_xgb,m1m2,xgb,49,0.0383,0.3473,0.5306
LCO,Easing-Backwardation,old_t3_xgb,m2m3,xgb,49,0.0127,0.1767,0.6327
LCO,Easing-Backwardation,old_t3_xgb,m1m6,xgb,49,0.0218,0.7455,0.5918
LCO,Easing-Backwardation,old_t3_xgb,fly123,xgb,49,0.0383,0.2623,0.6939
LCO,Easing-Backwardation,old_t3_xgb,fly136,xgb,49,0.0212,0.325,0.551
LCO,Easing-Backwardation,sfm_t4_rf,m1m2,rf,49,0.8399,0.1417,0.8367
LCO,Easing-Backwardation,sfm_t4_rf,m2m3,rf,49,0.7755,0.0843,0.898
LCO,Easing-Backwardation,sfm_t4_rf,m1m6,rf,49,0.7809,0.3528,0.9184
LCO,Easing-Backwardation,sfm_t4_rf,fly123,rf,49,0.8336,0.1091,0.8776
LCO,Easing-Backwardation,sfm_t4_rf,fly136,rf,49,0.8384,0.1321,0.898
LCO,Easing-Backwardation,sfm_t4_xgb,m1m2,xgb,49,0.0404,0.3469,0.5306
LCO,Easing-Backwardation,sfm_t4_xgb,m2m3,xgb,49,0.0216,0.1759,0.6327
LCO,Easing-Backwardation,sfm_t4_xgb,m1m6,xgb,49,0.0305,0.7422,0.5918
LCO,Easing-Backwardation,sfm_t4_xgb,fly123,xgb,49,0.0397,0.2621,0.6735
LCO,Easing-Backwardation,sfm_t4_xgb,fly136,xgb,49,0.0389,0.322,0.6327
LCO,Stable-Elevated,old_t2_physical,m1m2,ridge,18,0.3482,0.3757,0.6667
LCO,Stable-Elevated,old_t2_physical,m2m3,ridge,18,4e-04,0.1813,0.6667
LCO,Stable-Elevated,old_t2_physical,m1m6,ridge,18,0.004,0.6392,0.6111
LCO,Stable-Elevated,old_t2_physical,fly123,ridge,18,0.0344,0.4906,0.5
LCO,Stable-Elevated,old_t2_physical,fly136,ridge,18,0.3124,0.4869,0.5
LCO,Stable-Elevated,old_t2_freight,m1m2,ridge,18,0.3971,0.3614,0.7778
LCO,Stable-Elevated,old_t2_freight,m2m3,ridge,18,4e-04,0.1813,0.6667
LCO,Stable-Elevated,old_t2_freight,m1m6,ridge,18,0.2971,0.537,0.8333
LCO,Stable-Elevated,old_t2_freight,fly123,ridge,18,0.2549,0.4309,0.6667
LCO,Stable-Elevated,old_t2_freight,fly136,ridge,18,0.3426,0.4761,0.6111
LCO,Stable-Elevated,old_t3_full,m1m2,ridge,18,0.2638,0.3993,0.6667
LCO,Stable-Elevated,old_t3_full,m2m3,ridge,18,0.0025,0.1811,0.6667
LCO,Stable-Elevated,old_t3_full,m1m6,ridge,18,0.019,0.6344,0.6111
LCO,Stable-Elevated,old_t3_full,fly123,ridge,18,0.2083,0.4442,0.5556
LCO,Stable-Elevated,old_t3_full,fly136,ridge,18,0.2558,0.5065,0.5556
LCO,Stable-Elevated,sfm_t2_eia_full,m1m2,ridge,18,0.33,0.3809,0.6667
LCO,Stable-Elevated,sfm_t2_eia_full,m2m3,ridge,18,4e-04,0.1813,0.6667
LCO,Stable-Elevated,sfm_t2_eia_full,m1m6,ridge,18,0.1254,0.599,0.6111
LCO,Stable-Elevated,sfm_t2_eia_full,fly123,ridge,18,0.2551,0.4309,0.5556
LCO,Stable-Elevated,sfm_t2_eia_full,fly136,ridge,18,0.3663,0.4674,0.5556
LCO,Stable-Elevated,sfm_t3_structural,m1m2,ridge,18,0.2946,0.3909,0.7778
LCO,Stable-Elevated,sfm_t3_structural,m2m3,ridge,18,0.0024,0.1811,0.6667
LCO,Stable-Elevated,sfm_t3_structural,m1m6,ridge,18,0.005,0.6389,0.6111
LCO,Stable-Elevated,sfm_t3_structural,fly123,ridge,18,0.1836,0.4511,0.5556
LCO,Stable-Elevated,sfm_t3_structural,fly136,ridge,18,0.2888,0.4952,0.5556
LCO,Stable-Elevated,sfm_t4_combined,m1m2,ridge,18,0.3281,0.3815,0.7222
LCO,Stable-Elevated,sfm_t4_combined,m2m3,ridge,18,0.0034,0.1811,0.6667
LCO,Stable-Elevated,sfm_t4_combined,m1m6,ridge,18,0.0059,0.6386,0.6111
LCO,Stable-Elevated,sfm_t4_combined,fly123,ridge,18,0.1802,0.452,0.5
LCO,Stable-Elevated,sfm_t4_combined,fly136,ridge,18,0.3228,0.4832,0.5
LCO,ALL_REGIMES,old_t1_baseline,m1m2,lm,138,0.0695,0.3466,0.6232
LCO,ALL_REGIMES,old_t1_baseline,m2m3,lm,138,0.0331,0.1605,0.6739
LCO,ALL_REGIMES,old_t1_baseline,m1m6,lm,138,0.0479,0.6817,0.6304
LCO,ALL_REGIMES,old_t1_baseline,fly123,lm,138,0.0442,0.3022,0.5507
LCO,ALL_REGIMES,old_t1_baseline,fly136,lm,138,0.072,0.3446,0.5725
LCO,ALL_REGIMES,old_t2_physical,m1m2,lm,138,,,
LCO,ALL_REGIMES,old_t2_physical,m2m3,lm,138,,,
LCO,ALL_REGIMES,old_t2_physical,m1m6,lm,138,,,
LCO,ALL_REGIMES,old_t2_physical,fly123,lm,138,,,
LCO,ALL_REGIMES,old_t2_physical,fly136,lm,138,,,
LCO,ALL_REGIMES,old_t2_freight,m1m2,lm,138,,,
LCO,ALL_REGIMES,old_t2_freight,m2m3,lm,138,,,
LCO,ALL_REGIMES,old_t2_freight,m1m6,lm,138,,,
LCO,ALL_REGIMES,old_t2_freight,fly123,lm,138,,,
LCO,ALL_REGIMES,old_t2_freight,fly136,lm,138,,,
LCO,ALL_REGIMES,old_t3_full,m1m2,lasso,138,0.103,0.3403,0.587
LCO,ALL_REGIMES,old_t3_full,m2m3,lasso,138,0.0708,0.1573,0.6739
LCO,ALL_REGIMES,old_t3_full,m1m6,lasso,138,0.0612,0.6769,0.6522
LCO,ALL_REGIMES,old_t3_full,fly123,lasso,138,0,0.3092,0.5072
LCO,ALL_REGIMES,old_t3_full,fly136,lasso,138,0.1158,0.3364,0.5797
LCO,ALL_REGIMES,sfm_t1_eia_only,m1m2,lm,138,0.0695,0.3466,0.6232
LCO,ALL_REGIMES,sfm_t1_eia_only,m2m3,lm,138,0.0331,0.1605,0.6739
LCO,ALL_REGIMES,sfm_t1_eia_only,m1m6,lm,138,0.0479,0.6817,0.6304
LCO,ALL_REGIMES,sfm_t1_eia_only,fly123,lm,138,0.0442,0.3022,0.5507
LCO,ALL_REGIMES,sfm_t1_eia_only,fly136,lm,138,0.072,0.3446,0.5725
LCO,ALL_REGIMES,sfm_t2_eia_full,m1m2,lm,138,,,
LCO,ALL_REGIMES,sfm_t2_eia_full,m2m3,lm,138,,,
LCO,ALL_REGIMES,sfm_t2_eia_full,m1m6,lm,138,,,
LCO,ALL_REGIMES,sfm_t2_eia_full,fly123,lm,138,,,
LCO,ALL_REGIMES,sfm_t2_eia_full,fly136,lm,138,,,
LCO,ALL_REGIMES,sfm_t3_structural,m1m2,lasso,138,0.1917,0.323,0.5725
LCO,ALL_REGIMES,sfm_t3_structural,m2m3,lasso,138,0.1648,0.1491,0.6159
LCO,ALL_REGIMES,sfm_t3_structural,m1m6,lasso,138,0.1533,0.6429,0.6087
LCO,ALL_REGIMES,sfm_t3_structural,fly123,lasso,138,0.2326,0.2708,0.5435
LCO,ALL_REGIMES,sfm_t3_structural,fly136,lasso,138,0.2738,0.3048,0.5942
LCO,ALL_REGIMES,sfm_t4_combined,m1m2,lasso,138,0.1803,0.3253,0.5797
LCO,ALL_REGIMES,sfm_t4_combined,m2m3,lasso,138,0.0844,0.1562,0.6304
LCO,ALL_REGIMES,sfm_t4_combined,m1m6,lasso,138,0.1553,0.6421,0.6087
LCO,ALL_REGIMES,sfm_t4_combined,fly123,lasso,138,0.2158,0.2738,0.5435
LCO,ALL_REGIMES,sfm_t4_combined,fly136,lasso,138,0.1636,0.3272,0.5217
LCO,ALL_REGIMES,old_t3_rf,m1m2,rf,197,0.6591,0.2007,0.797
LCO,ALL_REGIMES,old_t3_rf,m2m3,rf,197,0.6366,0.121,0.8579
LCO,ALL_REGIMES,old_t3_rf,m1m6,rf,197,0.6429,0.4833,0.8122
LCO,ALL_REGIMES,old_t3_rf,fly123,rf,197,0.6613,0.1721,0.7563
LCO,ALL_REGIMES,old_t3_rf,fly136,rf,197,0.6782,0.204,0.8376
LCO,ALL_REGIMES,old_t3_xgb,m1m2,xgb,197,0.0227,0.3398,0.5939
LCO,ALL_REGIMES,old_t3_xgb,m2m3,xgb,197,0.014,0.1993,0.6345
LCO,ALL_REGIMES,old_t3_xgb,m1m6,xgb,197,0.0135,0.8034,0.6294
LCO,ALL_REGIMES,old_t3_xgb,fly123,xgb,197,0.0258,0.2918,0.5127
LCO,ALL_REGIMES,old_t3_xgb,fly136,xgb,197,0.0212,0.3557,0.533
LCO,ALL_REGIMES,sfm_t4_rf,m1m2,rf,197,0.7145,0.1836,0.7817
LCO,ALL_REGIMES,sfm_t4_rf,m2m3,rf,197,0.7008,0.1097,0.8883
LCO,ALL_REGIMES,sfm_t4_rf,m1m6,rf,197,0.6984,0.4442,0.8832
LCO,ALL_REGIMES,sfm_t4_rf,fly123,rf,197,0.7058,0.1604,0.797
LCO,ALL_REGIMES,sfm_t4_rf,fly136,rf,197,0.7164,0.1915,0.8579
LCO,ALL_REGIMES,sfm_t4_xgb,m1m2,xgb,197,0.0223,0.3399,0.5939
LCO,ALL_REGIMES,sfm_t4_xgb,m2m3,xgb,197,0.0226,0.1984,0.6345
LCO,ALL_REGIMES,sfm_t4_xgb,m1m6,xgb,197,0.011,0.8044,0.6294
LCO,ALL_REGIMES,sfm_t4_xgb,fly123,xgb,197,0.0269,0.2916,0.5127
LCO,ALL_REGIMES,sfm_t4_xgb,fly136,xgb,197,0.0183,0.3563,0.533
HO,Warm-Up,old_t1_baseline,m1m2,lm,44,0.1074,0.6058,0.5682
HO,Warm-Up,old_t1_baseline,m2m3,lm,44,0.0621,0.8251,0.5455
HO,Warm-Up,old_t1_baseline,m1m6,lm,44,0.1377,1.1403,0.6136
HO,Warm-Up,old_t1_baseline,fly123,lm,44,0.094,1.3118,0.3864
HO,Warm-Up,old_t1_baseline,fly136,lm,44,0.0766,1.5977,0.5682
HO,Warm-Up,old_t2_physical,m1m2,lasso,44,0,0.6412,0.4318
HO,Warm-Up,old_t2_physical,m2m3,lasso,44,0,0.852,0.5227
HO,Warm-Up,old_t2_physical,m1m6,lasso,44,0.0428,1.2014,0.6591
HO,Warm-Up,old_t2_physical,fly123,lasso,44,0,1.3781,0.5455
HO,Warm-Up,old_t2_physical,fly136,lasso,44,0,1.6626,0.5227
HO,Warm-Up,old_t2_freight,m1m2,lasso,44,0.0182,0.6353,0.5682
HO,Warm-Up,old_t2_freight,m2m3,lasso,44,0,0.852,0.5227
HO,Warm-Up,old_t2_freight,m1m6,lasso,44,0.0589,1.1913,0.6136
HO,Warm-Up,old_t2_freight,fly123,lasso,44,0,1.3781,0.5455
HO,Warm-Up,old_t2_freight,fly136,lasso,44,0,1.6626,0.5227
HO,Warm-Up,old_t3_full,m1m2,lasso,44,0,0.6412,0.4318
HO,Warm-Up,old_t3_full,m2m3,lasso,44,0,0.852,0.5227
HO,Warm-Up,old_t3_full,m1m6,lasso,44,0,1.228,0.5682
HO,Warm-Up,old_t3_full,fly123,lasso,44,0,1.3781,0.5455
HO,Warm-Up,old_t3_full,fly136,lasso,44,0,1.6626,0.5227
HO,Warm-Up,sfm_t1_eia_only,m1m2,lm,44,0.1074,0.6058,0.5682
HO,Warm-Up,sfm_t1_eia_only,m2m3,lm,44,0.0621,0.8251,0.5455
HO,Warm-Up,sfm_t1_eia_only,m1m6,lm,44,0.1377,1.1403,0.6136
HO,Warm-Up,sfm_t1_eia_only,fly123,lm,44,0.094,1.3118,0.3864
HO,Warm-Up,sfm_t1_eia_only,fly136,lm,44,0.0766,1.5977,0.5682
HO,Warm-Up,sfm_t2_eia_full,m1m2,lasso,44,0.0182,0.6353,0.5682
HO,Warm-Up,sfm_t2_eia_full,m2m3,lasso,44,0,0.852,0.5227
HO,Warm-Up,sfm_t2_eia_full,m1m6,lasso,44,0.0589,1.1913,0.6136
HO,Warm-Up,sfm_t2_eia_full,fly123,lasso,44,0,1.3781,0.5455
HO,Warm-Up,sfm_t2_eia_full,fly136,lasso,44,0,1.6626,0.5227
HO,Warm-Up,sfm_t3_structural,m1m2,lasso,44,0.1645,0.5861,0.5682
HO,Warm-Up,sfm_t3_structural,m2m3,lasso,44,0,0.852,0.5227
HO,Warm-Up,sfm_t3_structural,m1m6,lasso,44,0,1.228,0.5682
HO,Warm-Up,sfm_t3_structural,fly123,lasso,44,0.0285,1.3584,0.5455
HO,Warm-Up,sfm_t3_structural,fly136,lasso,44,0,1.6626,0.5227
HO,Warm-Up,sfm_t4_combined,m1m2,lasso,44,0.2138,0.5685,0.6136
HO,Warm-Up,sfm_t4_combined,m2m3,lasso,44,0,0.852,0.5227
HO,Warm-Up,sfm_t4_combined,m1m6,lasso,44,0,1.228,0.5682
HO,Warm-Up,sfm_t4_combined,fly123,lasso,44,0,1.3781,0.5455
HO,Warm-Up,sfm_t4_combined,fly136,lasso,44,0,1.6626,0.5227
HO,Warm-Up,old_t3_rf,m1m2,rf,68,0.7314,0.5585,0.8088
HO,Warm-Up,old_t3_rf,m2m3,rf,68,0.6814,0.5775,0.6912
HO,Warm-Up,old_t3_rf,m1m6,rf,68,0.7367,1.3989,0.7353
HO,Warm-Up,old_t3_rf,fly123,rf,68,0.7137,0.7246,0.7059
HO,Warm-Up,old_t3_rf,fly136,rf,68,0.6626,0.8879,0.7647
HO,Warm-Up,old_t3_xgb,m1m2,xgb,68,0.0421,1.0546,0.5441
HO,Warm-Up,old_t3_xgb,m2m3,xgb,68,0.0298,1.0079,0.5882
HO,Warm-Up,old_t3_xgb,m1m6,xgb,68,0.0235,2.6942,0.6324
HO,Warm-Up,old_t3_xgb,fly123,xgb,68,0.0223,1.3389,0.6176
HO,Warm-Up,old_t3_xgb,fly136,xgb,68,0.0204,1.5127,0.5
HO,Warm-Up,sfm_t4_rf,m1m2,rf,68,0.764,0.5235,0.8088
HO,Warm-Up,sfm_t4_rf,m2m3,rf,68,0.7599,0.5014,0.7794
HO,Warm-Up,sfm_t4_rf,m1m6,rf,68,0.7657,1.3197,0.8824
HO,Warm-Up,sfm_t4_rf,fly123,rf,68,0.7828,0.6311,0.8088
HO,Warm-Up,sfm_t4_rf,fly136,rf,68,0.7754,0.7243,0.7941
HO,Warm-Up,sfm_t4_xgb,m1m2,xgb,68,0.0507,1.0499,0.5735
HO,Warm-Up,sfm_t4_xgb,m2m3,xgb,68,0.0131,1.0165,0.5882
HO,Warm-Up,sfm_t4_xgb,m1m6,xgb,68,0.0351,2.6781,0.6912
HO,Warm-Up,sfm_t4_xgb,fly123,xgb,68,0.0147,1.3441,0.6176
HO,Warm-Up,sfm_t4_xgb,fly136,xgb,68,0.0281,1.5068,0.5
HO,Easing-Backwardation,old_t2_physical,m1m2,ridge,23,4e-04,0.7681,0.4783
HO,Easing-Backwardation,old_t2_physical,m2m3,ridge,23,2e-04,0.6059,0.4783
HO,Easing-Backwardation,old_t2_physical,m1m6,ridge,23,2e-04,1.4995,0.5652
HO,Easing-Backwardation,old_t2_physical,fly123,ridge,23,3e-04,0.8802,0.5652
HO,Easing-Backwardation,old_t2_physical,fly136,ridge,23,3e-04,1.5265,0.4783
HO,Easing-Backwardation,old_t2_freight,m1m2,ridge,23,4e-04,0.7681,0.4783
HO,Easing-Backwardation,old_t2_freight,m2m3,ridge,23,4e-04,0.6058,0.4783
HO,Easing-Backwardation,old_t2_freight,m1m6,ridge,23,6e-04,1.4992,0.5652
HO,Easing-Backwardation,old_t2_freight,fly123,ridge,23,3e-04,0.8802,0.5652
HO,Easing-Backwardation,old_t2_freight,fly136,ridge,23,7e-04,1.5261,0.4783
HO,Easing-Backwardation,old_t3_full,m1m2,ridge,23,0.003,0.7671,0.4783
HO,Easing-Backwardation,old_t3_full,m2m3,ridge,23,0.1564,0.5565,0.5652
HO,Easing-Backwardation,old_t3_full,m1m6,ridge,23,0.1427,1.3885,0.5652
HO,Easing-Backwardation,old_t3_full,fly123,ridge,23,0.0022,0.8794,0.5652
HO,Easing-Backwardation,old_t3_full,fly136,ridge,23,0.035,1.4998,0.4783
HO,Easing-Backwardation,sfm_t2_eia_full,m1m2,ridge,23,0.0239,0.759,0.5652
HO,Easing-Backwardation,sfm_t2_eia_full,m2m3,ridge,23,2e-04,0.6059,0.4783
HO,Easing-Backwardation,sfm_t2_eia_full,m1m6,ridge,23,2e-04,1.4995,0.5652
HO,Easing-Backwardation,sfm_t2_eia_full,fly123,ridge,23,5e-04,0.8801,0.5652
HO,Easing-Backwardation,sfm_t2_eia_full,fly136,ridge,23,3e-04,1.5265,0.4783
HO,Easing-Backwardation,sfm_t3_structural,m1m2,ridge,23,0.4317,0.5791,0.6087
HO,Easing-Backwardation,sfm_t3_structural,m2m3,ridge,23,0.2956,0.5086,0.6087
HO,Easing-Backwardation,sfm_t3_structural,m1m6,ridge,23,0.3095,1.2461,0.6522
HO,Easing-Backwardation,sfm_t3_structural,fly123,ridge,23,0.319,0.7265,0.6522
HO,Easing-Backwardation,sfm_t3_structural,fly136,ridge,23,0.3496,1.2312,0.4348
HO,Easing-Backwardation,sfm_t4_combined,m1m2,ridge,23,0.0104,0.7642,0.4783
HO,Easing-Backwardation,sfm_t4_combined,m2m3,ridge,23,0.1216,0.5679,0.5217
HO,Easing-Backwardation,sfm_t4_combined,m1m6,ridge,23,0.2356,1.3111,0.5652
HO,Easing-Backwardation,sfm_t4_combined,fly123,ridge,23,0.0047,0.8783,0.5652
HO,Easing-Backwardation,sfm_t4_combined,fly136,ridge,23,0.0039,1.5237,0.4783
HO,Stable-Elevated,old_t1_baseline,m1m2,lm,40,0.0247,0.7409,0.55
HO,Stable-Elevated,old_t1_baseline,m2m3,lm,40,0.0302,0.4519,0.45
HO,Stable-Elevated,old_t1_baseline,m1m6,lm,40,0.0182,1.8618,0.525
HO,Stable-Elevated,old_t1_baseline,fly123,lm,40,0.0043,0.584,0.5
HO,Stable-Elevated,old_t1_baseline,fly136,lm,40,0.0351,0.7445,0.55
HO,Stable-Elevated,old_t2_physical,m1m2,lasso,40,0,0.7502,0.45
HO,Stable-Elevated,old_t2_physical,m2m3,lasso,40,0.0094,0.4567,0.5
HO,Stable-Elevated,old_t2_physical,m1m6,lasso,40,0.0527,1.8288,0.5
HO,Stable-Elevated,old_t2_physical,fly123,lasso,40,0,0.5852,0.5
HO,Stable-Elevated,old_t2_physical,fly136,lasso,40,0,0.7579,0.55
HO,Stable-Elevated,old_t2_freight,m1m2,lasso,40,0.0767,0.7209,0.525
HO,Stable-Elevated,old_t2_freight,m2m3,lasso,40,0,0.4589,0.5
HO,Stable-Elevated,old_t2_freight,m1m6,lasso,40,0,1.879,0.45
HO,Stable-Elevated,old_t2_freight,fly123,lasso,40,0.065,0.5659,0.475
HO,Stable-Elevated,old_t2_freight,fly136,lasso,40,0,0.7579,0.55
HO,Stable-Elevated,old_t3_full,m1m2,lasso,40,0,0.7502,0.45
HO,Stable-Elevated,old_t3_full,m2m3,lasso,40,0,0.4589,0.5
HO,Stable-Elevated,old_t3_full,m1m6,lasso,40,0,1.879,0.45
HO,Stable-Elevated,old_t3_full,fly123,lasso,40,0,0.5852,0.5
HO,Stable-Elevated,old_t3_full,fly136,lasso,40,0,0.7579,0.55
HO,Stable-Elevated,sfm_t1_eia_only,m1m2,lm,40,0.0247,0.7409,0.55
HO,Stable-Elevated,sfm_t1_eia_only,m2m3,lm,40,0.0302,0.4519,0.45
HO,Stable-Elevated,sfm_t1_eia_only,m1m6,lm,40,0.0182,1.8618,0.525
HO,Stable-Elevated,sfm_t1_eia_only,fly123,lm,40,0.0043,0.584,0.5
HO,Stable-Elevated,sfm_t1_eia_only,fly136,lm,40,0.0351,0.7445,0.55
HO,Stable-Elevated,sfm_t2_eia_full,m1m2,lasso,40,0,0.7502,0.45
HO,Stable-Elevated,sfm_t2_eia_full,m2m3,lasso,40,0,0.4589,0.5
HO,Stable-Elevated,sfm_t2_eia_full,m1m6,lasso,40,0,1.879,0.45
HO,Stable-Elevated,sfm_t2_eia_full,fly123,lasso,40,0,0.5852,0.5
HO,Stable-Elevated,sfm_t2_eia_full,fly136,lasso,40,0,0.7579,0.55
HO,Stable-Elevated,sfm_t3_structural,m1m2,lasso,40,0.0819,0.7188,0.6
HO,Stable-Elevated,sfm_t3_structural,m2m3,lasso,40,0.0259,0.4529,0.5
HO,Stable-Elevated,sfm_t3_structural,m1m6,lasso,40,0,1.879,0.45
HO,Stable-Elevated,sfm_t3_structural,fly123,lasso,40,0.3369,0.4765,0.675
HO,Stable-Elevated,sfm_t3_structural,fly136,lasso,40,0.386,0.5939,0.725
HO,Stable-Elevated,sfm_t4_combined,m1m2,lasso,40,0.0819,0.7188,0.6
HO,Stable-Elevated,sfm_t4_combined,m2m3,lasso,40,0,0.4589,0.5
HO,Stable-Elevated,sfm_t4_combined,m1m6,lasso,40,0,1.879,0.45
HO,Stable-Elevated,sfm_t4_combined,fly123,lasso,40,0.1455,0.541,0.55
HO,Stable-Elevated,sfm_t4_combined,fly136,lasso,40,0.129,0.7073,0.55
HO,Stable-Elevated,old_t3_rf,m1m2,rf,51,0.7632,0.3638,0.902
HO,Stable-Elevated,old_t3_rf,m2m3,rf,51,0.7482,0.218,0.8824
HO,Stable-Elevated,old_t3_rf,m1m6,rf,51,0.744,0.9439,0.9216
HO,Stable-Elevated,old_t3_rf,fly123,rf,51,0.7641,0.288,0.902
HO,Stable-Elevated,old_t3_rf,fly136,rf,51,0.7199,0.5177,0.8627
HO,Stable-Elevated,old_t3_xgb,m1m2,xgb,51,0.0256,0.738,0.4706
HO,Stable-Elevated,old_t3_xgb,m2m3,xgb,51,0.0245,0.4292,0.549
HO,Stable-Elevated,old_t3_xgb,m1m6,xgb,51,0.0247,1.8424,0.4902
HO,Stable-Elevated,old_t3_xgb,fly123,xgb,51,0.022,0.5864,0.549
HO,Stable-Elevated,old_t3_xgb,fly136,xgb,51,0.0135,0.9715,0.5294
HO,Stable-Elevated,sfm_t4_rf,m1m2,rf,51,0.8055,0.3297,0.9216
HO,Stable-Elevated,sfm_t4_rf,m2m3,rf,51,0.7804,0.2036,0.9412
HO,Stable-Elevated,sfm_t4_rf,m1m6,rf,51,0.7803,0.8745,0.902
HO,Stable-Elevated,sfm_t4_rf,fly123,rf,51,0.8227,0.2497,0.8235
HO,Stable-Elevated,sfm_t4_rf,fly136,rf,51,0.787,0.4514,0.8431
HO,Stable-Elevated,sfm_t4_xgb,m1m2,xgb,51,0.0358,0.7341,0.4706
HO,Stable-Elevated,sfm_t4_xgb,m2m3,xgb,51,0.0316,0.4276,0.549
HO,Stable-Elevated,sfm_t4_xgb,m1m6,xgb,51,0.0315,1.836,0.4902
HO,Stable-Elevated,sfm_t4_xgb,fly123,xgb,51,0.035,0.5825,0.549
HO,Stable-Elevated,sfm_t4_xgb,fly136,xgb,51,0.0259,0.9654,0.5294
HO,ALL_REGIMES,old_t1_baseline,m1m2,lm,138,0.0109,3.0959,0.5145
HO,ALL_REGIMES,old_t1_baseline,m2m3,lm,138,0.0018,0.7086,0.5217
HO,ALL_REGIMES,old_t1_baseline,m1m6,lm,138,0.0214,3.8714,0.5652
HO,ALL_REGIMES,old_t1_baseline,fly123,lm,138,0.01,2.9318,0.4855
HO,ALL_REGIMES,old_t1_baseline,fly136,lm,138,0.0018,3.2593,0.5145
HO,ALL_REGIMES,old_t2_physical,m1m2,lm,138,,,
HO,ALL_REGIMES,old_t2_physical,m2m3,lm,138,,,
HO,ALL_REGIMES,old_t2_physical,m1m6,lm,138,,,
HO,ALL_REGIMES,old_t2_physical,fly123,lm,138,,,
HO,ALL_REGIMES,old_t2_physical,fly136,lm,138,,,
HO,ALL_REGIMES,old_t2_freight,m1m2,lm,138,,,
HO,ALL_REGIMES,old_t2_freight,m2m3,lm,138,,,
HO,ALL_REGIMES,old_t2_freight,m1m6,lm,138,,,
HO,ALL_REGIMES,old_t2_freight,fly123,lm,138,,,
HO,ALL_REGIMES,old_t2_freight,fly136,lm,138,,,
HO,ALL_REGIMES,old_t3_full,m1m2,lasso,138,0.0722,2.9984,0.5797
HO,ALL_REGIMES,old_t3_full,m2m3,lasso,138,0.0127,0.7048,0.5217
HO,ALL_REGIMES,old_t3_full,m1m6,lasso,138,0.0051,3.9035,0.5145
HO,ALL_REGIMES,old_t3_full,fly123,lasso,138,0,2.9466,0.4783
HO,ALL_REGIMES,old_t3_full,fly136,lasso,138,0.0473,3.1841,0.5145
HO,ALL_REGIMES,sfm_t1_eia_only,m1m2,lm,138,0.0109,3.0959,0.5145
HO,ALL_REGIMES,sfm_t1_eia_only,m2m3,lm,138,0.0018,0.7086,0.5217
HO,ALL_REGIMES,sfm_t1_eia_only,m1m6,lm,138,0.0214,3.8714,0.5652
HO,ALL_REGIMES,sfm_t1_eia_only,fly123,lm,138,0.01,2.9318,0.4855
HO,ALL_REGIMES,sfm_t1_eia_only,fly136,lm,138,0.0018,3.2593,0.5145
HO,ALL_REGIMES,sfm_t2_eia_full,m1m2,lm,138,,,
HO,ALL_REGIMES,sfm_t2_eia_full,m2m3,lm,138,,,
HO,ALL_REGIMES,sfm_t2_eia_full,m1m6,lm,138,,,
HO,ALL_REGIMES,sfm_t2_eia_full,fly123,lm,138,,,
HO,ALL_REGIMES,sfm_t2_eia_full,fly136,lm,138,,,
HO,ALL_REGIMES,sfm_t3_structural,m1m2,lasso,138,0.1314,2.9011,0.5145
HO,ALL_REGIMES,sfm_t3_structural,m2m3,lasso,138,0,0.7093,0.5217
HO,ALL_REGIMES,sfm_t3_structural,m1m6,lasso,138,0.1333,3.6435,0.5725
HO,ALL_REGIMES,sfm_t3_structural,fly123,lasso,138,0.1742,2.6777,0.5725
HO,ALL_REGIMES,sfm_t3_structural,fly136,lasso,138,0.14,3.0252,0.558
HO,ALL_REGIMES,sfm_t4_combined,m1m2,lasso,138,0.0235,3.076,0.471
HO,ALL_REGIMES,sfm_t4_combined,m2m3,lasso,138,0.0127,0.7048,0.5217
HO,ALL_REGIMES,sfm_t4_combined,m1m6,lasso,138,0.1535,3.6007,0.6087
HO,ALL_REGIMES,sfm_t4_combined,fly123,lasso,138,0,2.9466,0.4783
HO,ALL_REGIMES,sfm_t4_combined,fly136,lasso,138,0.1439,3.0183,0.5725
HO,ALL_REGIMES,old_t3_rf,m1m2,rf,197,0.5996,1.6972,0.7563
HO,ALL_REGIMES,old_t3_rf,m2m3,rf,197,0.6038,0.4813,0.7766
HO,ALL_REGIMES,old_t3_rf,m1m6,rf,197,0.6049,2.3052,0.7665
HO,ALL_REGIMES,old_t3_rf,fly123,rf,197,0.627,1.5414,0.731
HO,ALL_REGIMES,old_t3_rf,fly136,rf,197,0.586,1.8089,0.7411
HO,ALL_REGIMES,old_t3_xgb,m1m2,xgb,197,0.0232,2.6508,0.4975
HO,ALL_REGIMES,old_t3_xgb,m2m3,xgb,197,0.0177,0.7578,0.5584
HO,ALL_REGIMES,old_t3_xgb,m1m6,xgb,197,0.0148,3.6402,0.5533
HO,ALL_REGIMES,old_t3_xgb,fly123,xgb,197,0.0245,2.4926,0.4315
HO,ALL_REGIMES,old_t3_xgb,fly136,xgb,197,0.0059,2.8031,0.4772
HO,ALL_REGIMES,sfm_t4_rf,m1m2,rf,197,0.585,1.7278,0.797
HO,ALL_REGIMES,sfm_t4_rf,m2m3,rf,197,0.6287,0.4659,0.8122
HO,ALL_REGIMES,sfm_t4_rf,m1m6,rf,197,0.6032,2.3101,0.8274
HO,ALL_REGIMES,sfm_t4_rf,fly123,rf,197,0.6001,1.5959,0.7513
HO,ALL_REGIMES,sfm_t4_rf,fly136,rf,197,0.6209,1.731,0.7817
HO,ALL_REGIMES,sfm_t4_xgb,m1m2,xgb,197,0.0394,2.6287,0.4975
HO,ALL_REGIMES,sfm_t4_xgb,m2m3,xgb,197,0.0177,0.7578,0.5584
HO,ALL_REGIMES,sfm_t4_xgb,m1m6,xgb,197,0.0349,3.6028,0.5533
HO,ALL_REGIMES,sfm_t4_xgb,fly123,xgb,197,0.0397,2.4731,0.4162
HO,ALL_REGIMES,sfm_t4_xgb,fly136,xgb,197,0.0197,2.7834,0.4772
LGO,Warm-Up,old_t1_baseline,m1m2,lm,44,0.0023,0.3074,0.5682
LGO,Warm-Up,old_t1_baseline,m2m3,lm,44,0.0035,0.2161,0.4545
LGO,Warm-Up,old_t1_baseline,m1m6,lm,44,0.0131,0.7954,0.5909
LGO,Warm-Up,old_t1_baseline,fly123,lm,44,1e-04,0.2201,0.5227
LGO,Warm-Up,old_t1_baseline,fly136,lm,44,0.0152,0.2903,0.6136
LGO,Warm-Up,old_t2_physical,m1m2,lasso,44,0,0.3077,0.6591
LGO,Warm-Up,old_t2_physical,m2m3,lasso,44,0.1702,0.1972,0.5682
LGO,Warm-Up,old_t2_physical,m1m6,lasso,44,0.2028,0.7148,0.6136
LGO,Warm-Up,old_t2_physical,fly123,lasso,44,0,0.2201,0.5227
LGO,Warm-Up,old_t2_physical,fly136,lasso,44,0,0.2926,0.5227
LGO,Warm-Up,old_t2_freight,m1m2,lasso,44,0.1571,0.2825,0.5682
LGO,Warm-Up,old_t2_freight,m2m3,lasso,44,0.1702,0.1972,0.5682
LGO,Warm-Up,old_t2_freight,m1m6,lasso,44,0.2066,0.7131,0.6136
LGO,Warm-Up,old_t2_freight,fly123,lasso,44,0,0.2201,0.5227
LGO,Warm-Up,old_t2_freight,fly136,lasso,44,0,0.2926,0.5227
LGO,Warm-Up,old_t3_full,m1m2,lasso,44,0,0.3077,0.6591
LGO,Warm-Up,old_t3_full,m2m3,lasso,44,0.3159,0.1791,0.6136
LGO,Warm-Up,old_t3_full,m1m6,lasso,44,0.2017,0.7154,0.6136
LGO,Warm-Up,old_t3_full,fly123,lasso,44,0,0.2201,0.5227
LGO,Warm-Up,old_t3_full,fly136,lasso,44,0,0.2926,0.5227
LGO,Warm-Up,sfm_t1_eia_only,m1m2,lm,44,0.0023,0.3074,0.5682
LGO,Warm-Up,sfm_t1_eia_only,m2m3,lm,44,0.0035,0.2161,0.4545
LGO,Warm-Up,sfm_t1_eia_only,m1m6,lm,44,0.0131,0.7954,0.5909
LGO,Warm-Up,sfm_t1_eia_only,fly123,lm,44,1e-04,0.2201,0.5227
LGO,Warm-Up,sfm_t1_eia_only,fly136,lm,44,0.0152,0.2903,0.6136
LGO,Warm-Up,sfm_t2_eia_full,m1m2,lasso,44,0,0.3077,0.6591
LGO,Warm-Up,sfm_t2_eia_full,m2m3,lasso,44,0.1683,0.1974,0.5682
LGO,Warm-Up,sfm_t2_eia_full,m1m6,lasso,44,0.2056,0.7136,0.6136
LGO,Warm-Up,sfm_t2_eia_full,fly123,lasso,44,0,0.2201,0.5227
LGO,Warm-Up,sfm_t2_eia_full,fly136,lasso,44,0,0.2926,0.5227
LGO,Warm-Up,sfm_t3_structural,m1m2,lasso,44,0,0.3077,0.6591
LGO,Warm-Up,sfm_t3_structural,m2m3,lasso,44,0,0.2165,0.5227
LGO,Warm-Up,sfm_t3_structural,m1m6,lasso,44,0,0.8006,0.6818
LGO,Warm-Up,sfm_t3_structural,fly123,lasso,44,0,0.2201,0.5227
LGO,Warm-Up,sfm_t3_structural,fly136,lasso,44,0,0.2926,0.5227
LGO,Warm-Up,sfm_t4_combined,m1m2,lasso,44,0.8177,0.1314,0.6591
LGO,Warm-Up,sfm_t4_combined,m2m3,lasso,44,0.0746,0.2082,0.5909
LGO,Warm-Up,sfm_t4_combined,m1m6,lasso,44,0.2682,0.6849,0.6591
LGO,Warm-Up,sfm_t4_combined,fly123,lasso,44,0.6154,0.1365,0.4773
LGO,Warm-Up,sfm_t4_combined,fly136,lasso,44,0,0.2926,0.5227
LGO,Warm-Up,old_t3_rf,m1m2,rf,68,0.6488,0.5632,0.8382
LGO,Warm-Up,old_t3_rf,m2m3,rf,68,0.6717,0.4754,0.7794
LGO,Warm-Up,old_t3_rf,m1m6,rf,68,0.6837,1.5574,0.8235
LGO,Warm-Up,old_t3_rf,fly123,rf,68,0.6665,0.3171,0.7206
LGO,Warm-Up,old_t3_rf,fly136,rf,68,0.6397,0.815,0.7059
LGO,Warm-Up,old_t3_xgb,m1m2,xgb,68,0.0396,0.9314,0.6324
LGO,Warm-Up,old_t3_xgb,m2m3,xgb,68,0.0266,0.8186,0.5735
LGO,Warm-Up,old_t3_xgb,m1m6,xgb,68,0.0141,2.7498,0.6618
LGO,Warm-Up,old_t3_xgb,fly123,xgb,68,0.036,0.5392,0.4559
LGO,Warm-Up,old_t3_xgb,fly136,xgb,68,0.0305,1.3368,0.5441
LGO,Warm-Up,sfm_t4_rf,m1m2,rf,68,0.7205,0.5024,0.8529
LGO,Warm-Up,sfm_t4_rf,m2m3,rf,68,0.7123,0.445,0.8088
LGO,Warm-Up,sfm_t4_rf,m1m6,rf,68,0.7009,1.5146,0.8529
LGO,Warm-Up,sfm_t4_rf,fly123,rf,68,0.7991,0.2461,0.8235
LGO,Warm-Up,sfm_t4_rf,fly136,rf,68,0.782,0.6339,0.8235
LGO,Warm-Up,sfm_t4_xgb,m1m2,xgb,68,0.0561,0.9234,0.6324
LGO,Warm-Up,sfm_t4_xgb,m2m3,xgb,68,0.0113,0.825,0.5735
LGO,Warm-Up,sfm_t4_xgb,m1m6,xgb,68,0.0425,2.7099,0.6618
LGO,Warm-Up,sfm_t4_xgb,fly123,xgb,68,0.0077,0.547,0.4559
LGO,Warm-Up,sfm_t4_xgb,fly136,xgb,68,0.0411,1.3294,0.5441
LGO,Easing-Backwardation,old_t2_physical,m1m2,ridge,23,3e-04,0.5047,0.5652
LGO,Easing-Backwardation,old_t2_physical,m2m3,ridge,23,3e-04,0.2534,0.5217
LGO,Easing-Backwardation,old_t2_physical,m1m6,ridge,23,5e-04,0.8752,0.4783
LGO,Easing-Backwardation,old_t2_physical,fly123,ridge,23,2e-04,0.511,0.6087
LGO,Easing-Backwardation,old_t2_physical,fly136,ridge,23,7e-04,0.8519,0.6087
LGO,Easing-Backwardation,old_t2_freight,m1m2,ridge,23,0.0016,0.5044,0.5652
LGO,Easing-Backwardation,old_t2_freight,m2m3,ridge,23,0.0034,0.253,0.5217
LGO,Easing-Backwardation,old_t2_freight,m1m6,ridge,23,5e-04,0.8752,0.4783
LGO,Easing-Backwardation,old_t2_freight,fly123,ridge,23,5e-04,0.5109,0.6087
LGO,Easing-Backwardation,old_t2_freight,fly136,ridge,23,0.1466,0.7872,0.6957
LGO,Easing-Backwardation,old_t3_full,m1m2,ridge,23,0.0029,0.5041,0.5652
LGO,Easing-Backwardation,old_t3_full,m2m3,ridge,23,0.0025,0.2531,0.5217
LGO,Easing-Backwardation,old_t3_full,m1m6,ridge,23,0.0019,0.8746,0.4783
LGO,Easing-Backwardation,old_t3_full,fly123,ridge,23,0.0018,0.5105,0.6522
LGO,Easing-Backwardation,old_t3_full,fly136,ridge,23,0.024,0.8419,0.6087
LGO,Easing-Backwardation,sfm_t2_eia_full,m1m2,ridge,23,5e-04,0.5047,0.5652
LGO,Easing-Backwardation,sfm_t2_eia_full,m2m3,ridge,23,3e-04,0.2534,0.5217
LGO,Easing-Backwardation,sfm_t2_eia_full,m1m6,ridge,23,4e-04,0.8753,0.4783
LGO,Easing-Backwardation,sfm_t2_eia_full,fly123,ridge,23,2e-04,0.511,0.6087
LGO,Easing-Backwardation,sfm_t2_eia_full,fly136,ridge,23,0.0183,0.8443,0.6087
LGO,Easing-Backwardation,sfm_t3_structural,m1m2,ridge,23,0.0048,0.5036,0.5652
LGO,Easing-Backwardation,sfm_t3_structural,m2m3,ridge,23,0.0047,0.2528,0.5217
LGO,Easing-Backwardation,sfm_t3_structural,m1m6,ridge,23,0.0028,0.8742,0.4783
LGO,Easing-Backwardation,sfm_t3_structural,fly123,ridge,23,0.0918,0.487,0.6957
LGO,Easing-Backwardation,sfm_t3_structural,fly136,ridge,23,0.251,0.7375,0.7391
LGO,Easing-Backwardation,sfm_t4_combined,m1m2,ridge,23,0.004,0.5038,0.5652
LGO,Easing-Backwardation,sfm_t4_combined,m2m3,ridge,23,0.0041,0.2529,0.5217
LGO,Easing-Backwardation,sfm_t4_combined,m1m6,ridge,23,0.0031,0.8741,0.4783
LGO,Easing-Backwardation,sfm_t4_combined,fly123,ridge,23,0.0033,0.5102,0.7826
LGO,Easing-Backwardation,sfm_t4_combined,fly136,ridge,23,0.125,0.7971,0.6087
LGO,Stable-Elevated,old_t1_baseline,m1m2,lm,40,0.0398,0.794,0.6
LGO,Stable-Elevated,old_t1_baseline,m2m3,lm,40,0.0133,0.5639,0.55
LGO,Stable-Elevated,old_t1_baseline,m1m6,lm,40,0.0201,1.8803,0.55
LGO,Stable-Elevated,old_t1_baseline,fly123,lm,40,0.0221,0.6394,0.575
LGO,Stable-Elevated,old_t1_baseline,fly136,lm,40,0.0384,0.9261,0.575
LGO,Stable-Elevated,old_t2_physical,m1m2,lasso,40,0,0.8103,0.525
LGO,Stable-Elevated,old_t2_physical,m2m3,lasso,40,0,0.5677,0.5
LGO,Stable-Elevated,old_t2_physical,m1m6,lasso,40,0,1.8995,0.575
LGO,Stable-Elevated,old_t2_physical,fly123,lasso,40,0,0.6466,0.5
LGO,Stable-Elevated,old_t2_physical,fly136,lasso,40,0,0.9444,0.525
LGO,Stable-Elevated,old_t2_freight,m1m2,lasso,40,0,0.8103,0.525
LGO,Stable-Elevated,old_t2_freight,m2m3,lasso,40,0,0.5677,0.5
LGO,Stable-Elevated,old_t2_freight,m1m6,lasso,40,0,1.8995,0.575
LGO,Stable-Elevated,old_t2_freight,fly123,lasso,40,0,0.6466,0.5
LGO,Stable-Elevated,old_t2_freight,fly136,lasso,40,0.0842,0.9037,0.6
LGO,Stable-Elevated,old_t3_full,m1m2,lasso,40,0,0.8103,0.525
LGO,Stable-Elevated,old_t3_full,m2m3,lasso,40,0,0.5677,0.5
LGO,Stable-Elevated,old_t3_full,m1m6,lasso,40,0,1.8995,0.575
LGO,Stable-Elevated,old_t3_full,fly123,lasso,40,0,0.6466,0.5
LGO,Stable-Elevated,old_t3_full,fly136,lasso,40,0,0.9444,0.525
LGO,Stable-Elevated,sfm_t1_eia_only,m1m2,lm,40,0.0398,0.794,0.6
LGO,Stable-Elevated,sfm_t1_eia_only,m2m3,lm,40,0.0133,0.5639,0.55
LGO,Stable-Elevated,sfm_t1_eia_only,m1m6,lm,40,0.0201,1.8803,0.55
LGO,Stable-Elevated,sfm_t1_eia_only,fly123,lm,40,0.0221,0.6394,0.575
LGO,Stable-Elevated,sfm_t1_eia_only,fly136,lm,40,0.0384,0.9261,0.575
LGO,Stable-Elevated,sfm_t2_eia_full,m1m2,lasso,40,0,0.8103,0.525
LGO,Stable-Elevated,sfm_t2_eia_full,m2m3,lasso,40,0,0.5677,0.5
LGO,Stable-Elevated,sfm_t2_eia_full,m1m6,lasso,40,0,1.8995,0.575
LGO,Stable-Elevated,sfm_t2_eia_full,fly123,lasso,40,0,0.6466,0.5
LGO,Stable-Elevated,sfm_t2_eia_full,fly136,lasso,40,0,0.9444,0.525
LGO,Stable-Elevated,sfm_t3_structural,m1m2,lasso,40,0,0.8103,0.525
LGO,Stable-Elevated,sfm_t3_structural,m2m3,lasso,40,0,0.5677,0.5
LGO,Stable-Elevated,sfm_t3_structural,m1m6,lasso,40,0,1.8995,0.575
LGO,Stable-Elevated,sfm_t3_structural,fly123,lasso,40,0,0.6466,0.5
LGO,Stable-Elevated,sfm_t3_structural,fly136,lasso,40,0,0.9444,0.525
LGO,Stable-Elevated,sfm_t4_combined,m1m2,lasso,40,0,0.8103,0.525
LGO,Stable-Elevated,sfm_t4_combined,m2m3,lasso,40,0,0.5677,0.5
LGO,Stable-Elevated,sfm_t4_combined,m1m6,lasso,40,0,1.8995,0.575
LGO,Stable-Elevated,sfm_t4_combined,fly123,lasso,40,0,0.6466,0.5
LGO,Stable-Elevated,sfm_t4_combined,fly136,lasso,40,0,0.9444,0.525
LGO,Stable-Elevated,old_t3_rf,m1m2,rf,51,0.7722,0.4184,0.8627
LGO,Stable-Elevated,old_t3_rf,m2m3,rf,51,0.7472,0.2971,0.8824
LGO,Stable-Elevated,old_t3_rf,m1m6,rf,51,0.748,0.9434,0.902
LGO,Stable-Elevated,old_t3_rf,fly123,rf,51,0.7202,0.409,0.8824
LGO,Stable-Elevated,old_t3_rf,fly136,rf,51,0.7873,0.5675,0.902
LGO,Stable-Elevated,old_t3_xgb,m1m2,xgb,51,0.0383,0.8597,0.5098
LGO,Stable-Elevated,old_t3_xgb,m2m3,xgb,51,0.0341,0.5808,0.549
LGO,Stable-Elevated,old_t3_xgb,m1m6,xgb,51,0.0349,1.8461,0.4902
LGO,Stable-Elevated,old_t3_xgb,fly123,xgb,51,0.0171,0.7666,0.549
LGO,Stable-Elevated,old_t3_xgb,fly136,xgb,51,0.0216,1.2173,0.5686
LGO,Stable-Elevated,sfm_t4_rf,m1m2,rf,51,0.8075,0.3847,0.8824
LGO,Stable-Elevated,sfm_t4_rf,m2m3,rf,51,0.7852,0.2739,0.902
LGO,Stable-Elevated,sfm_t4_rf,m1m6,rf,51,0.8041,0.8318,0.9216
LGO,Stable-Elevated,sfm_t4_rf,fly123,rf,51,0.7874,0.3565,0.9216
LGO,Stable-Elevated,sfm_t4_rf,fly136,rf,51,0.7997,0.5507,0.8824
LGO,Stable-Elevated,sfm_t4_xgb,m1m2,xgb,51,0.037,0.8603,0.5098
LGO,Stable-Elevated,sfm_t4_xgb,m2m3,xgb,51,0.0338,0.5809,0.549
LGO,Stable-Elevated,sfm_t4_xgb,m1m6,xgb,51,0.0384,1.8428,0.4902
LGO,Stable-Elevated,sfm_t4_xgb,fly123,xgb,51,0.0317,0.7608,0.6471
LGO,Stable-Elevated,sfm_t4_xgb,fly136,xgb,51,0.0328,1.2103,0.5686
LGO,ALL_REGIMES,old_t1_baseline,m1m2,lm,138,0.0347,0.7559,0.5942
LGO,ALL_REGIMES,old_t1_baseline,m2m3,lm,138,0.0061,0.6156,0.5435
LGO,ALL_REGIMES,old_t1_baseline,m1m6,lm,138,0.0278,1.7348,0.6014
LGO,ALL_REGIMES,old_t1_baseline,fly123,lm,138,0.0229,0.6199,0.587
LGO,ALL_REGIMES,old_t1_baseline,fly136,lm,138,0.0057,1.181,0.5217
LGO,ALL_REGIMES,old_t2_physical,m1m2,lm,138,,,
LGO,ALL_REGIMES,old_t2_physical,m2m3,lm,138,,,
LGO,ALL_REGIMES,old_t2_physical,m1m6,lm,138,,,
LGO,ALL_REGIMES,old_t2_physical,fly123,lm,138,,,
LGO,ALL_REGIMES,old_t2_physical,fly136,lm,138,,,
LGO,ALL_REGIMES,old_t2_freight,m1m2,lm,138,,,
LGO,ALL_REGIMES,old_t2_freight,m2m3,lm,138,,,
LGO,ALL_REGIMES,old_t2_freight,m1m6,lm,138,,,
LGO,ALL_REGIMES,old_t2_freight,fly123,lm,138,,,
LGO,ALL_REGIMES,old_t2_freight,fly136,lm,138,,,
LGO,ALL_REGIMES,old_t3_full,m1m2,lasso,138,0,0.7694,0.5507
LGO,ALL_REGIMES,old_t3_full,m2m3,lasso,138,0,0.6175,0.5217
LGO,ALL_REGIMES,old_t3_full,m1m6,lasso,138,0,1.7595,0.5507
LGO,ALL_REGIMES,old_t3_full,fly123,lasso,138,0,0.6271,0.5145
LGO,ALL_REGIMES,old_t3_full,fly136,lasso,138,0,1.1844,0.529
LGO,ALL_REGIMES,sfm_t1_eia_only,m1m2,lm,138,0.0347,0.7559,0.5942
LGO,ALL_REGIMES,sfm_t1_eia_only,m2m3,lm,138,0.0061,0.6156,0.5435
LGO,ALL_REGIMES,sfm_t1_eia_only,m1m6,lm,138,0.0278,1.7348,0.6014
LGO,ALL_REGIMES,sfm_t1_eia_only,fly123,lm,138,0.0229,0.6199,0.587
LGO,ALL_REGIMES,sfm_t1_eia_only,fly136,lm,138,0.0057,1.181,0.5217
LGO,ALL_REGIMES,sfm_t2_eia_full,m1m2,lm,138,,,
LGO,ALL_REGIMES,sfm_t2_eia_full,m2m3,lm,138,,,
LGO,ALL_REGIMES,sfm_t2_eia_full,m1m6,lm,138,,,
LGO,ALL_REGIMES,sfm_t2_eia_full,fly123,lm,138,,,
LGO,ALL_REGIMES,sfm_t2_eia_full,fly136,lm,138,,,
LGO,ALL_REGIMES,sfm_t3_structural,m1m2,lasso,138,0,0.7694,0.5507
LGO,ALL_REGIMES,sfm_t3_structural,m2m3,lasso,138,0,0.6175,0.5217
LGO,ALL_REGIMES,sfm_t3_structural,m1m6,lasso,138,0,1.7595,0.5507
LGO,ALL_REGIMES,sfm_t3_structural,fly123,lasso,138,0,0.6271,0.5145
LGO,ALL_REGIMES,sfm_t3_structural,fly136,lasso,138,0,1.1844,0.529
LGO,ALL_REGIMES,sfm_t4_combined,m1m2,lasso,138,0,0.7694,0.5507
LGO,ALL_REGIMES,sfm_t4_combined,m2m3,lasso,138,0,0.6175,0.5217
LGO,ALL_REGIMES,sfm_t4_combined,m1m6,lasso,138,0,1.7595,0.5507
LGO,ALL_REGIMES,sfm_t4_combined,fly123,lasso,138,0,0.6271,0.5145
LGO,ALL_REGIMES,sfm_t4_combined,fly136,lasso,138,0,1.1844,0.529
LGO,ALL_REGIMES,old_t3_rf,m1m2,rf,197,0.5967,0.5738,0.8122
LGO,ALL_REGIMES,old_t3_rf,m2m3,rf,197,0.5713,0.4897,0.8071
LGO,ALL_REGIMES,old_t3_rf,m1m6,rf,197,0.6026,1.4204,0.8223
LGO,ALL_REGIMES,old_t3_rf,fly123,rf,197,0.608,0.4501,0.7817
LGO,ALL_REGIMES,old_t3_rf,fly136,rf,197,0.5886,0.8754,0.797
LGO,ALL_REGIMES,old_t3_xgb,m1m2,xgb,197,0.0152,0.8966,0.5685
LGO,ALL_REGIMES,old_t3_xgb,m2m3,xgb,197,0.0171,0.7415,0.5635
LGO,ALL_REGIMES,old_t3_xgb,m1m6,xgb,197,0.0128,2.2387,0.5787
LGO,ALL_REGIMES,old_t3_xgb,fly123,xgb,197,0.0127,0.7143,0.4772
LGO,ALL_REGIMES,old_t3_xgb,fly136,xgb,197,0.0158,1.354,0.5635
LGO,ALL_REGIMES,sfm_t4_rf,m1m2,rf,197,0.6568,0.5293,0.8376
LGO,ALL_REGIMES,sfm_t4_rf,m2m3,rf,197,0.6353,0.4517,0.8477
LGO,ALL_REGIMES,sfm_t4_rf,m1m6,rf,197,0.6249,1.3799,0.8426
LGO,ALL_REGIMES,sfm_t4_rf,fly123,rf,197,0.6802,0.4065,0.7716
LGO,ALL_REGIMES,sfm_t4_rf,fly136,rf,197,0.6881,0.7622,0.797
LGO,ALL_REGIMES,sfm_t4_xgb,m1m2,xgb,197,0.0186,0.8951,0.5685
LGO,ALL_REGIMES,sfm_t4_xgb,m2m3,xgb,197,0.0237,0.739,0.5635
LGO,ALL_REGIMES,sfm_t4_xgb,m1m6,xgb,197,0.0344,2.2141,0.5939
LGO,ALL_REGIMES,sfm_t4_xgb,fly123,xgb,197,0.0278,0.7088,0.4772
LGO,ALL_REGIMES,sfm_t4_xgb,fly136,xgb,197,0.0285,1.3453,0.5635
