product,tier,spread_target,regime,n_test,hit_rate,rmse,mae
CL,old_t3_full,m1m2,Deep-Backwardation,17,0.6471,1.6401,0.9797
CL,old_t3_xgb,m1m2,Deep-Backwardation,17,0.4118,1.7344,0.99
CL,sfm_t4_combined,m1m2,Deep-Backwardation,17,0.6471,1.6846,0.9638
CL,sfm_t4_xgb,m1m2,Deep-Backwardation,17,0.4706,1.7277,0.9911
CL,sfm_t3_structural,m1m2,Deep-Backwardation,17,0.6471,1.6089,0.9525
CL,sfm_t5_enhanced,m1m2,Deep-Backwardation,17,0.5294,1.7264,0.9873
CL,sfm_t5_xgb,m1m2,Deep-Backwardation,17,0.7059,1.7259,0.9866
CL,old_t3_full,m2m3,Deep-Backwardation,17,0.7647,1.3815,0.7855
CL,old_t3_xgb,m2m3,Deep-Backwardation,17,0.7059,1.4572,0.8352
CL,sfm_t4_combined,m2m3,Deep-Backwardation,17,0.7059,1.3932,0.7838
CL,sfm_t4_xgb,m2m3,Deep-Backwardation,17,0.7059,1.457,0.8322
CL,sfm_t3_structural,m2m3,Deep-Backwardation,17,0.7059,1.3845,0.7883
CL,sfm_t5_enhanced,m2m3,Deep-Backwardation,17,0.7059,1.4447,0.8061
CL,sfm_t5_xgb,m2m3,Deep-Backwardation,17,0.7059,1.4609,0.8349
CL,old_t3_full,m1m6,Deep-Backwardation,17,0.7059,4.5581,2.8876
CL,old_t3_xgb,m1m6,Deep-Backwardation,17,0.6471,4.801,3.006
CL,sfm_t4_combined,m1m6,Deep-Backwardation,17,0.5882,4.6176,2.9052
CL,sfm_t4_xgb,m1m6,Deep-Backwardation,17,0.6471,4.7841,3.0067
CL,sfm_t3_structural,m1m6,Deep-Backwardation,17,0.5882,4.4924,2.8422
CL,sfm_t5_enhanced,m1m6,Deep-Backwardation,17,0.6471,4.7369,2.9732
CL,sfm_t5_xgb,m1m6,Deep-Backwardation,17,0.5294,4.8127,3.0226
CL,old_t3_full,fly123,Deep-Backwardation,17,0.4118,0.6923,0.4865
CL,old_t3_xgb,fly123,Deep-Backwardation,17,0.4118,0.6925,0.4858
CL,sfm_t4_combined,fly123,Deep-Backwardation,17,0.4118,0.6933,0.4808
CL,sfm_t4_xgb,fly123,Deep-Backwardation,17,0.4118,0.6918,0.4853
CL,sfm_t3_structural,fly123,Deep-Backwardation,17,0.4118,0.6922,0.4863
CL,sfm_t5_enhanced,fly123,Deep-Backwardation,17,0.4118,0.6922,0.4861
CL,sfm_t5_xgb,fly123,Deep-Backwardation,17,0.4118,0.6918,0.4842
CL,old_t3_full,fly136,Deep-Backwardation,17,0.5294,1.9953,0.9054
CL,old_t3_xgb,fly136,Deep-Backwardation,17,0.4706,1.9999,0.9069
CL,sfm_t4_combined,fly136,Deep-Backwardation,17,0.5294,1.9955,0.9054
CL,sfm_t4_xgb,fly136,Deep-Backwardation,17,0.7059,1.9967,0.9042
CL,sfm_t3_structural,fly136,Deep-Backwardation,17,0.7059,1.9645,0.8767
CL,sfm_t5_enhanced,fly136,Deep-Backwardation,17,0.5294,1.9969,0.9064
CL,sfm_t5_xgb,fly136,Deep-Backwardation,17,0.4706,2,0.9067
CL,old_t3_full,m1m2,Easing-Backwardation,15,0.7333,0.299,0.1887
CL,old_t3_xgb,m1m2,Easing-Backwardation,15,0.7333,0.3075,0.1955
CL,sfm_t4_combined,m1m2,Easing-Backwardation,15,0.7333,0.2995,0.1888
CL,sfm_t4_xgb,m1m2,Easing-Backwardation,15,0.7333,0.3054,0.1943
CL,sfm_t3_structural,m1m2,Easing-Backwardation,15,0.7333,0.2986,0.1886
CL,sfm_t5_enhanced,m1m2,Easing-Backwardation,15,0.7333,0.2995,0.1888
CL,sfm_t5_xgb,m1m2,Easing-Backwardation,15,0.7333,0.3018,0.1931
CL,old_t3_full,m2m3,Easing-Backwardation,15,0.6,0.2312,0.1522
CL,old_t3_xgb,m2m3,Easing-Backwardation,15,0.5333,0.2306,0.1543
CL,sfm_t4_combined,m2m3,Easing-Backwardation,15,0.6,0.2445,0.1589
CL,sfm_t4_xgb,m2m3,Easing-Backwardation,15,0.4,0.2317,0.1583
CL,sfm_t3_structural,m2m3,Easing-Backwardation,15,0.6,0.2888,0.198
CL,sfm_t5_enhanced,m2m3,Easing-Backwardation,15,0.5333,0.2322,0.1528
CL,sfm_t5_xgb,m2m3,Easing-Backwardation,15,0.4,0.2313,0.1574
CL,old_t3_full,m1m6,Easing-Backwardation,15,0.2667,0.6206,0.4913
CL,old_t3_xgb,m1m6,Easing-Backwardation,15,0.2667,0.6379,0.5151
CL,sfm_t4_combined,m1m6,Easing-Backwardation,15,0.2667,0.626,0.4964
CL,sfm_t4_xgb,m1m6,Easing-Backwardation,15,0.2667,0.6894,0.5505
CL,sfm_t3_structural,m1m6,Easing-Backwardation,15,0.2667,1.5338,1.2534
CL,sfm_t5_enhanced,m1m6,Easing-Backwardation,15,0.2667,1.128,0.8986
CL,sfm_t5_xgb,m1m6,Easing-Backwardation,15,0.2667,0.6951,0.5568
CL,old_t3_full,fly123,Easing-Backwardation,15,0.5333,0.3777,0.1853
CL,old_t3_xgb,fly123,Easing-Backwardation,15,0.5333,0.3802,0.184
CL,sfm_t4_combined,fly123,Easing-Backwardation,15,0.4667,0.3487,0.229
CL,sfm_t4_xgb,fly123,Easing-Backwardation,15,0.5333,0.378,0.1862
CL,sfm_t3_structural,fly123,Easing-Backwardation,15,0.5333,0.3626,0.1905
CL,sfm_t5_enhanced,fly123,Easing-Backwardation,15,0.5333,0.3775,0.1848
CL,sfm_t5_xgb,fly123,Easing-Backwardation,15,0.5333,0.3816,0.1841
CL,old_t3_full,fly136,Easing-Backwardation,15,0.3333,0.3906,0.3202
CL,old_t3_xgb,fly136,Easing-Backwardation,15,0.3333,0.3876,0.3013
CL,sfm_t4_combined,fly136,Easing-Backwardation,15,0.3333,0.4584,0.4229
CL,sfm_t4_xgb,fly136,Easing-Backwardation,15,0.3333,0.3658,0.2897
CL,sfm_t3_structural,fly136,Easing-Backwardation,15,0.3333,0.3963,0.3425
CL,sfm_t5_enhanced,fly136,Easing-Backwardation,15,0.3333,0.7924,0.6853
CL,sfm_t5_xgb,fly136,Easing-Backwardation,15,0.3333,0.4141,0.3505
CL,old_t3_full,m1m2,Stable-Elevated,12,0.75,0.1532,0.1031
CL,sfm_t4_combined,m1m2,Stable-Elevated,12,0.3333,0.1376,0.1034
CL,sfm_t3_structural,m1m2,Stable-Elevated,12,0.3333,0.1606,0.1306
CL,sfm_t5_enhanced,m1m2,Stable-Elevated,12,0.5833,0.1193,0.0815
CL,old_t3_full,m2m3,Stable-Elevated,12,0.25,0.14,0.1068
CL,sfm_t4_combined,m2m3,Stable-Elevated,12,0.25,0.1408,0.1075
CL,sfm_t3_structural,m2m3,Stable-Elevated,12,0.25,0.1409,0.1076
CL,sfm_t5_enhanced,m2m3,Stable-Elevated,12,0.25,0.1401,0.107
CL,old_t3_full,m1m6,Stable-Elevated,12,0.25,0.5369,0.4217
CL,sfm_t4_combined,m1m6,Stable-Elevated,12,0.25,0.5407,0.4254
CL,sfm_t3_structural,m1m6,Stable-Elevated,12,0.25,0.5413,0.426
CL,sfm_t5_enhanced,m1m6,Stable-Elevated,12,0.25,0.5385,0.4235
CL,old_t3_full,fly123,Stable-Elevated,12,0.4167,0.0518,0.0362
CL,sfm_t4_combined,fly123,Stable-Elevated,12,0.4167,0.0515,0.0363
CL,sfm_t3_structural,fly123,Stable-Elevated,12,0.4167,0.0517,0.0363
CL,sfm_t5_enhanced,fly123,Stable-Elevated,12,0.5833,0.0766,0.0432
CL,old_t3_full,fly136,Stable-Elevated,12,0.6667,0.1074,0.0848
CL,sfm_t4_combined,fly136,Stable-Elevated,12,0.6667,0.1136,0.0847
CL,sfm_t3_structural,fly136,Stable-Elevated,12,0.6667,0.1296,0.101
CL,sfm_t5_enhanced,fly136,Stable-Elevated,12,0.6667,0.1065,0.0827
CL,old_t3_full,m1m2,Warm-Up,9,0.4444,0.1378,0.1068
CL,sfm_t4_combined,m1m2,Warm-Up,9,0.4444,0.1308,0.1046
CL,sfm_t3_structural,m1m2,Warm-Up,9,0.4444,0.1334,0.1052
CL,sfm_t5_enhanced,m1m2,Warm-Up,9,0.4444,0.13,0.104
CL,old_t3_full,m2m3,Warm-Up,9,0.5556,0.1006,0.0838
CL,sfm_t4_combined,m2m3,Warm-Up,9,0.5556,0.1104,0.0961
CL,sfm_t3_structural,m2m3,Warm-Up,9,0.5556,0.1067,0.0929
CL,sfm_t5_enhanced,m2m3,Warm-Up,9,0.5556,0.0936,0.0774
CL,old_t3_full,m1m6,Warm-Up,9,0.5556,0.3774,0.297
CL,sfm_t4_combined,m1m6,Warm-Up,9,0.5556,0.3847,0.3015
CL,sfm_t3_structural,m1m6,Warm-Up,9,0.5556,0.3859,0.3019
CL,sfm_t5_enhanced,m1m6,Warm-Up,9,0.5556,0.386,0.3022
CL,old_t3_full,fly123,Warm-Up,9,0.6667,0.0866,0.0661
CL,sfm_t4_combined,fly123,Warm-Up,9,0.6667,0.0867,0.0663
CL,sfm_t3_structural,fly123,Warm-Up,9,0.6667,0.0864,0.0682
CL,sfm_t5_enhanced,fly123,Warm-Up,9,0.6667,0.0907,0.0712
CL,old_t3_full,fly136,Warm-Up,9,0.6667,0.1583,0.1353
CL,sfm_t4_combined,fly136,Warm-Up,9,0.6667,0.1292,0.0967
CL,sfm_t3_structural,fly136,Warm-Up,9,0.3333,0.1555,0.1319
CL,sfm_t5_enhanced,fly136,Warm-Up,9,0.6667,0.1284,0.0998
LCO,old_t3_full,m1m2,Deep-Backwardation,17,0.8824,1.2806,0.7925
LCO,old_t3_xgb,m1m2,Deep-Backwardation,17,0.8824,1.3032,0.7856
LCO,sfm_t4_combined,m1m2,Deep-Backwardation,17,0.8824,1.2812,0.7932
LCO,sfm_t4_xgb,m1m2,Deep-Backwardation,17,0.8824,1.3039,0.7857
LCO,sfm_t3_structural,m1m2,Deep-Backwardation,17,0.8824,1.2812,0.7936
LCO,sfm_t5_enhanced,m1m2,Deep-Backwardation,17,0.8824,1.2932,0.7788
LCO,sfm_t5_xgb,m1m2,Deep-Backwardation,17,0.8824,1.2904,0.7804
LCO,old_t3_full,m2m3,Deep-Backwardation,17,0.8235,1.219,0.7833
LCO,old_t3_xgb,m2m3,Deep-Backwardation,17,0.7647,1.2263,0.7882
LCO,sfm_t4_combined,m2m3,Deep-Backwardation,17,0.7647,1.2066,0.8081
LCO,sfm_t4_xgb,m2m3,Deep-Backwardation,17,0.7647,1.2239,0.7862
LCO,sfm_t3_structural,m2m3,Deep-Backwardation,17,0.7059,1.1978,0.8462
LCO,sfm_t5_enhanced,m2m3,Deep-Backwardation,17,0.7647,1.2234,0.8072
LCO,sfm_t5_xgb,m2m3,Deep-Backwardation,17,0.7647,1.2289,0.7895
LCO,old_t3_full,m1m6,Deep-Backwardation,17,0.6471,4.3072,2.7475
LCO,old_t3_xgb,m1m6,Deep-Backwardation,17,0.6471,4.3615,2.8194
LCO,sfm_t4_combined,m1m6,Deep-Backwardation,17,0.5882,4.3009,2.8489
LCO,sfm_t4_xgb,m1m6,Deep-Backwardation,17,0.6471,4.3754,2.8189
LCO,sfm_t3_structural,m1m6,Deep-Backwardation,17,0.6471,4.2544,2.7904
LCO,sfm_t5_enhanced,m1m6,Deep-Backwardation,17,0.7059,4.3452,2.8064
LCO,sfm_t5_xgb,m1m6,Deep-Backwardation,17,0.6471,4.3381,2.8008
LCO,old_t3_full,fly123,Deep-Backwardation,17,0.6471,0.2645,0.1977
LCO,old_t3_xgb,fly123,Deep-Backwardation,17,0.6471,0.2607,0.1834
LCO,sfm_t4_combined,fly123,Deep-Backwardation,17,0.6471,0.2645,0.1975
LCO,sfm_t4_xgb,fly123,Deep-Backwardation,17,0.6471,0.265,0.1856
LCO,sfm_t3_structural,fly123,Deep-Backwardation,17,0.6471,0.2644,0.1975
LCO,sfm_t5_enhanced,fly123,Deep-Backwardation,17,0.6471,0.2645,0.1974
LCO,sfm_t5_xgb,fly123,Deep-Backwardation,17,0.6471,0.2595,0.1823
LCO,old_t3_full,fly136,Deep-Backwardation,17,0.7059,0.7911,0.501
LCO,old_t3_xgb,fly136,Deep-Backwardation,17,0.7059,0.8264,0.5115
LCO,sfm_t4_combined,fly136,Deep-Backwardation,17,0.7059,0.7918,0.5006
LCO,sfm_t4_xgb,fly136,Deep-Backwardation,17,0.7059,0.8253,0.5022
LCO,sfm_t3_structural,fly136,Deep-Backwardation,17,0.7059,0.7916,0.5005
LCO,sfm_t5_enhanced,fly136,Deep-Backwardation,17,0.7059,0.7922,0.5006
LCO,sfm_t5_xgb,fly136,Deep-Backwardation,17,0.7059,0.8185,0.5057
LCO,old_t3_full,m1m2,Easing-Backwardation,15,0.5333,0.5156,0.2596
LCO,old_t3_xgb,m1m2,Easing-Backwardation,15,0.6,0.5073,0.2616
LCO,sfm_t4_combined,m1m2,Easing-Backwardation,15,0.6,0.5052,0.2626
LCO,sfm_t4_xgb,m1m2,Easing-Backwardation,15,0.6,0.5078,0.2617
LCO,sfm_t3_structural,m1m2,Easing-Backwardation,15,0.6,0.5052,0.2579
LCO,sfm_t5_enhanced,m1m2,Easing-Backwardation,15,0.6,0.5021,0.2543
LCO,sfm_t5_xgb,m1m2,Easing-Backwardation,15,0.6,0.5054,0.26
LCO,old_t3_full,m2m3,Easing-Backwardation,15,0.6667,0.1519,0.1003
LCO,old_t3_xgb,m2m3,Easing-Backwardation,15,0.6667,0.1481,0.0951
LCO,sfm_t4_combined,m2m3,Easing-Backwardation,15,0.6667,0.1531,0.1013
LCO,sfm_t4_xgb,m2m3,Easing-Backwardation,15,0.6667,0.1562,0.1056
LCO,sfm_t3_structural,m2m3,Easing-Backwardation,15,0.6667,0.1518,0.1009
LCO,sfm_t5_enhanced,m2m3,Easing-Backwardation,15,0.6667,0.1527,0.1006
LCO,sfm_t5_xgb,m2m3,Easing-Backwardation,15,0.6667,0.1458,0.0945
LCO,old_t3_full,m1m6,Easing-Backwardation,15,0.6667,0.8312,0.5116
LCO,old_t3_xgb,m1m6,Easing-Backwardation,15,0.6667,0.824,0.5024
LCO,sfm_t4_combined,m1m6,Easing-Backwardation,15,0.6667,0.8308,0.5112
LCO,sfm_t4_xgb,m1m6,Easing-Backwardation,15,0.6667,0.8177,0.4977
LCO,sfm_t3_structural,m1m6,Easing-Backwardation,15,0.6667,0.8285,0.5127
LCO,sfm_t5_enhanced,m1m6,Easing-Backwardation,15,0.6667,0.8304,0.5112
LCO,sfm_t5_xgb,m1m6,Easing-Backwardation,15,0.6667,0.8239,0.5008
LCO,old_t3_full,fly123,Easing-Backwardation,15,0.6,0.4317,0.2045
LCO,old_t3_xgb,fly123,Easing-Backwardation,15,0.4,0.4254,0.1901
LCO,sfm_t4_combined,fly123,Easing-Backwardation,15,0.5333,0.4167,0.1924
LCO,sfm_t4_xgb,fly123,Easing-Backwardation,15,0.4,0.4221,0.1955
LCO,sfm_t3_structural,fly123,Easing-Backwardation,15,0.6,0.4239,0.2074
LCO,sfm_t5_enhanced,fly123,Easing-Backwardation,15,0.4,0.4258,0.1894
LCO,sfm_t5_xgb,fly123,Easing-Backwardation,15,0.3333,0.4223,0.1984
LCO,old_t3_full,fly136,Easing-Backwardation,15,0.5333,0.6014,0.3421
LCO,old_t3_xgb,fly136,Easing-Backwardation,15,0.6,0.4629,0.261
LCO,sfm_t4_combined,fly136,Easing-Backwardation,15,0.6667,0.4812,0.2781
LCO,sfm_t4_xgb,fly136,Easing-Backwardation,15,0.6,0.4636,0.2608
LCO,sfm_t3_structural,fly136,Easing-Backwardation,15,0.6,0.5152,0.317
LCO,sfm_t5_enhanced,fly136,Easing-Backwardation,15,0.5333,0.4716,0.2748
LCO,sfm_t5_xgb,fly136,Easing-Backwardation,15,0.4667,0.4641,0.2651
LCO,old_t3_full,m1m2,Stable-Elevated,12,0.6667,0.1851,0.1584
LCO,sfm_t4_combined,m1m2,Stable-Elevated,12,0.6667,0.194,0.1667
LCO,sfm_t3_structural,m1m2,Stable-Elevated,12,0.6667,0.1928,0.165
LCO,sfm_t5_enhanced,m1m2,Stable-Elevated,12,0.6667,0.1648,0.1452
LCO,old_t3_full,m2m3,Stable-Elevated,12,0.6667,0.1166,0.0896
LCO,sfm_t4_combined,m2m3,Stable-Elevated,12,0.6667,0.1172,0.0899
LCO,sfm_t3_structural,m2m3,Stable-Elevated,12,0.6667,0.1173,0.09
LCO,sfm_t5_enhanced,m2m3,Stable-Elevated,12,0.6667,0.1172,0.09
LCO,old_t3_full,m1m6,Stable-Elevated,12,0.6667,0.4916,0.4109
LCO,sfm_t4_combined,m1m6,Stable-Elevated,12,0.6667,0.4988,0.4168
LCO,sfm_t3_structural,m1m6,Stable-Elevated,12,0.6667,0.4609,0.3849
LCO,sfm_t5_enhanced,m1m6,Stable-Elevated,12,0.6667,0.5127,0.4246
LCO,old_t3_full,fly123,Stable-Elevated,12,0.5833,0.1268,0.1151
LCO,sfm_t4_combined,fly123,Stable-Elevated,12,0.5833,0.1333,0.1174
LCO,sfm_t3_structural,fly123,Stable-Elevated,12,0.5833,0.1395,0.125
LCO,sfm_t5_enhanced,fly123,Stable-Elevated,12,0.5833,0.1154,0.0976
LCO,old_t3_full,fly136,Stable-Elevated,12,0.6667,0.1726,0.1452
LCO,sfm_t4_combined,fly136,Stable-Elevated,12,0.6667,0.2157,0.1825
LCO,sfm_t3_structural,fly136,Stable-Elevated,12,0.6667,0.2182,0.1854
LCO,sfm_t5_enhanced,fly136,Stable-Elevated,12,0.6667,0.1354,0.1041
LCO,old_t3_full,m1m2,Warm-Up,9,0.4444,0.1489,0.1272
LCO,sfm_t4_combined,m1m2,Warm-Up,9,0.4444,0.1466,0.1223
LCO,sfm_t3_structural,m1m2,Warm-Up,9,0.4444,0.1548,0.1338
LCO,sfm_t5_enhanced,m1m2,Warm-Up,9,0.4444,0.1449,0.1182
LCO,old_t3_full,m2m3,Warm-Up,9,0.3333,0.0666,0.0598
LCO,sfm_t4_combined,m2m3,Warm-Up,9,0.3333,0.0666,0.0598
LCO,sfm_t3_structural,m2m3,Warm-Up,9,0.3333,0.0667,0.0599
LCO,sfm_t5_enhanced,m2m3,Warm-Up,9,0.3333,0.0667,0.0599
LCO,old_t3_full,m1m6,Warm-Up,9,0.6667,0.2923,0.214
LCO,sfm_t4_combined,m1m6,Warm-Up,9,0.6667,0.2727,0.2172
LCO,sfm_t3_structural,m1m6,Warm-Up,9,0.6667,0.2734,0.2173
LCO,sfm_t5_enhanced,m1m6,Warm-Up,9,0.6667,0.273,0.2171
LCO,old_t3_full,fly123,Warm-Up,9,0.3333,0.189,0.1754
LCO,sfm_t4_combined,fly123,Warm-Up,9,0.3333,0.1611,0.1293
LCO,sfm_t3_structural,fly123,Warm-Up,9,0.3333,0.171,0.1527
LCO,sfm_t5_enhanced,fly123,Warm-Up,9,0.3333,0.1596,0.1242
LCO,old_t3_full,fly136,Warm-Up,9,0.5556,0.1665,0.1341
LCO,sfm_t4_combined,fly136,Warm-Up,9,0.5556,0.1512,0.1181
LCO,sfm_t3_structural,fly136,Warm-Up,9,0.5556,0.1476,0.1147
LCO,sfm_t5_enhanced,fly136,Warm-Up,9,0.5556,0.1675,0.1381
HO,old_t3_full,m1m2,Easing-Backwardation,10,0.6,0.313,0.173
HO,sfm_t4_combined,m1m2,Easing-Backwardation,10,0.5,0.8491,0.4339
HO,sfm_t3_structural,m1m2,Easing-Backwardation,10,0.5,1.3071,0.6098
HO,sfm_t5_enhanced,m1m2,Easing-Backwardation,10,0.5,0.8071,0.4216
HO,old_t3_full,m2m3,Easing-Backwardation,10,0.7,0.342,0.2236
HO,sfm_t4_combined,m2m3,Easing-Backwardation,10,0.5,0.1525,0.1065
HO,sfm_t3_structural,m2m3,Easing-Backwardation,10,0.7,0.4358,0.2466
HO,sfm_t5_enhanced,m2m3,Easing-Backwardation,10,0.7,0.2595,0.166
HO,old_t3_full,m1m6,Easing-Backwardation,10,0.5,0.7795,0.631
HO,sfm_t4_combined,m1m6,Easing-Backwardation,10,0.5,0.7156,0.5964
HO,sfm_t3_structural,m1m6,Easing-Backwardation,10,0.6,0.7578,0.6408
HO,sfm_t5_enhanced,m1m6,Easing-Backwardation,10,0.5,0.7694,0.6249
HO,old_t3_full,fly123,Easing-Backwardation,10,0.4,0.4254,0.2299
HO,sfm_t4_combined,fly123,Easing-Backwardation,10,0.4,0.431,0.2319
HO,sfm_t3_structural,fly123,Easing-Backwardation,10,0.4,0.4311,0.2321
HO,sfm_t5_enhanced,fly123,Easing-Backwardation,10,0.4,0.4313,0.2322
HO,old_t3_full,fly136,Easing-Backwardation,10,0.4,1.039,0.6029
HO,sfm_t4_combined,fly136,Easing-Backwardation,10,0.3,2.1623,0.9153
HO,sfm_t3_structural,fly136,Easing-Backwardation,10,0.5,2.5867,0.9947
HO,sfm_t5_enhanced,fly136,Easing-Backwardation,10,0.4,1.0351,0.6071
HO,old_t3_full,m1m2,Stable-Elevated,25,0.44,0.6966,0.4407
HO,old_t3_xgb,m1m2,Stable-Elevated,25,0.44,0.715,0.445
HO,sfm_t4_combined,m1m2,Stable-Elevated,25,0.56,0.6899,0.4347
HO,sfm_t4_xgb,m1m2,Stable-Elevated,25,0.44,0.712,0.446
HO,sfm_t3_structural,m1m2,Stable-Elevated,25,0.64,0.679,0.4257
HO,sfm_t5_enhanced,m1m2,Stable-Elevated,25,0.52,0.6841,0.4294
HO,sfm_t5_xgb,m1m2,Stable-Elevated,25,0.44,0.7055,0.4392
HO,old_t3_full,m2m3,Stable-Elevated,25,0.56,0.2868,0.2082
HO,old_t3_xgb,m2m3,Stable-Elevated,25,0.56,0.2906,0.2118
HO,sfm_t4_combined,m2m3,Stable-Elevated,25,0.56,0.2868,0.2082
HO,sfm_t4_xgb,m2m3,Stable-Elevated,25,0.56,0.2895,0.2111
HO,sfm_t3_structural,m2m3,Stable-Elevated,25,0.56,0.2868,0.2082
HO,sfm_t5_enhanced,m2m3,Stable-Elevated,25,0.56,0.2868,0.2082
HO,sfm_t5_xgb,m2m3,Stable-Elevated,25,0.56,0.2919,0.2129
HO,old_t3_full,m1m6,Stable-Elevated,25,0.44,0.9193,0.7053
HO,old_t3_xgb,m1m6,Stable-Elevated,25,0.44,0.9466,0.7385
HO,sfm_t4_combined,m1m6,Stable-Elevated,25,0.44,0.9193,0.7053
HO,sfm_t4_xgb,m1m6,Stable-Elevated,25,0.44,0.9396,0.7398
HO,sfm_t3_structural,m1m6,Stable-Elevated,25,0.44,0.9193,0.7053
HO,sfm_t5_enhanced,m1m6,Stable-Elevated,25,0.44,0.9193,0.7053
HO,sfm_t5_xgb,m1m6,Stable-Elevated,25,0.44,0.9428,0.7425
HO,old_t3_full,fly123,Stable-Elevated,25,0.44,0.6781,0.3656
HO,old_t3_xgb,fly123,Stable-Elevated,25,0.44,0.6847,0.3581
HO,sfm_t4_combined,fly123,Stable-Elevated,25,0.68,0.9554,0.4546
HO,sfm_t4_xgb,fly123,Stable-Elevated,25,0.44,0.6803,0.3567
HO,sfm_t3_structural,fly123,Stable-Elevated,25,0.64,0.9312,0.4449
HO,sfm_t5_enhanced,fly123,Stable-Elevated,25,0.44,0.6833,0.3542
HO,sfm_t5_xgb,fly123,Stable-Elevated,25,0.44,0.6818,0.3525
HO,old_t3_full,fly136,Stable-Elevated,25,0.6,1.1842,0.7311
HO,old_t3_xgb,fly136,Stable-Elevated,25,0.6,1.1935,0.7344
HO,sfm_t4_combined,fly136,Stable-Elevated,25,0.4,1.7129,1.3267
HO,sfm_t4_xgb,fly136,Stable-Elevated,25,0.6,1.1828,0.7263
HO,sfm_t3_structural,fly136,Stable-Elevated,25,0.4,1.5945,1.2834
HO,sfm_t5_enhanced,fly136,Stable-Elevated,25,0.4,1.4919,1.1615
HO,sfm_t5_xgb,fly136,Stable-Elevated,25,0.6,1.1819,0.7286
HO,old_t3_full,m1m2,Warm-Up,9,0.3333,0.8527,0.6253
HO,old_t3_xgb,m1m2,Warm-Up,9,0.3333,0.824,0.6112
HO,sfm_t4_combined,m1m2,Warm-Up,9,0.4444,0.8019,0.5977
HO,sfm_t4_xgb,m1m2,Warm-Up,9,0.3333,0.8257,0.6119
HO,sfm_t3_structural,m1m2,Warm-Up,9,0.4444,0.8161,0.6052
HO,sfm_t5_enhanced,m1m2,Warm-Up,9,0.4444,0.8072,0.6012
HO,sfm_t5_xgb,m1m2,Warm-Up,9,0.3333,0.826,0.6119
HO,old_t3_full,m2m3,Warm-Up,9,0.8889,0.4829,0.3835
HO,old_t3_xgb,m2m3,Warm-Up,9,0.8889,0.5014,0.3833
HO,sfm_t4_combined,m2m3,Warm-Up,9,0.7778,0.5185,0.4284
HO,sfm_t4_xgb,m2m3,Warm-Up,9,0.8889,0.5074,0.4051
HO,sfm_t3_structural,m2m3,Warm-Up,9,0.8889,0.4901,0.3947
HO,sfm_t5_enhanced,m2m3,Warm-Up,9,0.8889,0.4972,0.4026
HO,sfm_t5_xgb,m2m3,Warm-Up,9,0.8889,0.5121,0.4092
HO,old_t3_full,m1m6,Warm-Up,9,0.1111,1.6543,1.2756
HO,old_t3_xgb,m1m6,Warm-Up,9,0.1111,1.5815,1.1978
HO,sfm_t4_combined,m1m6,Warm-Up,9,0.2222,1.5867,1.1789
HO,sfm_t4_xgb,m1m6,Warm-Up,9,0.1111,1.5985,1.2162
HO,sfm_t3_structural,m1m6,Warm-Up,9,0.1111,1.6421,1.2597
HO,sfm_t5_enhanced,m1m6,Warm-Up,9,0.1111,1.6382,1.2563
HO,sfm_t5_xgb,m1m6,Warm-Up,9,0.1111,1.5985,1.2162
HO,old_t3_full,fly123,Warm-Up,9,0.5556,0.653,0.5326
HO,old_t3_xgb,fly123,Warm-Up,9,0.5556,0.6204,0.4893
HO,sfm_t4_combined,fly123,Warm-Up,9,0.5556,0.6259,0.5147
HO,sfm_t4_xgb,fly123,Warm-Up,9,0.5556,0.6428,0.5002
HO,sfm_t3_structural,fly123,Warm-Up,9,0.5556,0.6252,0.5145
HO,sfm_t5_enhanced,fly123,Warm-Up,9,0.5556,0.6245,0.5124
HO,sfm_t5_xgb,fly123,Warm-Up,9,0.5556,0.6204,0.4903
HO,old_t3_full,fly136,Warm-Up,9,0.7778,1.2529,0.897
HO,old_t3_xgb,fly136,Warm-Up,9,0.7778,1.3196,0.9209
HO,sfm_t4_combined,fly136,Warm-Up,9,0.7778,1.2988,0.9251
HO,sfm_t4_xgb,fly136,Warm-Up,9,0.7778,1.2941,0.9343
HO,sfm_t3_structural,fly136,Warm-Up,9,0.7778,1.308,0.9303
HO,sfm_t5_enhanced,fly136,Warm-Up,9,0.7778,1.3159,0.9349
HO,sfm_t5_xgb,fly136,Warm-Up,9,0.7778,1.3215,0.9218
LGO,old_t3_full,m1m2,Easing-Backwardation,10,0.4,0.2671,0.1958
LGO,sfm_t4_combined,m1m2,Easing-Backwardation,10,0.4,0.2649,0.195
LGO,sfm_t3_structural,m1m2,Easing-Backwardation,10,0.4,0.2711,0.1987
LGO,sfm_t5_enhanced,m1m2,Easing-Backwardation,10,0.4,0.2654,0.195
LGO,old_t3_full,m2m3,Easing-Backwardation,10,0.6,0.2869,0.1754
LGO,sfm_t4_combined,m2m3,Easing-Backwardation,10,0.6,0.2846,0.175
LGO,sfm_t3_structural,m2m3,Easing-Backwardation,10,0.6,0.2845,0.1755
LGO,sfm_t5_enhanced,m2m3,Easing-Backwardation,10,0.6,0.2849,0.175
LGO,old_t3_full,m1m6,Easing-Backwardation,10,0.6,0.8661,0.4704
LGO,sfm_t4_combined,m1m6,Easing-Backwardation,10,0.6,0.8603,0.4686
LGO,sfm_t3_structural,m1m6,Easing-Backwardation,10,0.6,0.8601,0.4685
LGO,sfm_t5_enhanced,m1m6,Easing-Backwardation,10,0.6,0.8617,0.4691
LGO,old_t3_full,fly123,Easing-Backwardation,10,0.4,0.1763,0.1509
LGO,sfm_t4_combined,fly123,Easing-Backwardation,10,0.5,0.1763,0.1513
LGO,sfm_t3_structural,fly123,Easing-Backwardation,10,0.3,0.1659,0.1406
LGO,sfm_t5_enhanced,fly123,Easing-Backwardation,10,0.5,0.1769,0.1516
LGO,old_t3_full,fly136,Easing-Backwardation,10,0.5,0.3084,0.2208
LGO,sfm_t4_combined,fly136,Easing-Backwardation,10,0.6,0.4031,0.3218
LGO,sfm_t3_structural,fly136,Easing-Backwardation,10,0.6,0.3186,0.2241
LGO,sfm_t5_enhanced,fly136,Easing-Backwardation,10,0.6,0.4698,0.4058
LGO,old_t3_full,m1m2,Stable-Elevated,25,0.68,0.3232,0.221
LGO,old_t3_xgb,m1m2,Stable-Elevated,25,0.32,0.3517,0.2673
LGO,sfm_t4_combined,m1m2,Stable-Elevated,25,0.68,0.3232,0.221
LGO,sfm_t4_xgb,m1m2,Stable-Elevated,25,0.32,0.3468,0.2643
LGO,sfm_t3_structural,m1m2,Stable-Elevated,25,0.68,0.3232,0.221
LGO,sfm_t5_enhanced,m1m2,Stable-Elevated,25,0.68,0.3232,0.221
LGO,sfm_t5_xgb,m1m2,Stable-Elevated,25,0.32,0.3513,0.2709
LGO,old_t3_full,m2m3,Stable-Elevated,25,0.36,0.1898,0.1275
LGO,old_t3_xgb,m2m3,Stable-Elevated,25,0.36,0.2032,0.1578
LGO,sfm_t4_combined,m2m3,Stable-Elevated,25,0.36,0.1898,0.1275
LGO,sfm_t4_xgb,m2m3,Stable-Elevated,25,0.36,0.2053,0.1622
LGO,sfm_t3_structural,m2m3,Stable-Elevated,25,0.36,0.1898,0.1275
LGO,sfm_t5_enhanced,m2m3,Stable-Elevated,25,0.36,0.1898,0.1275
LGO,sfm_t5_xgb,m2m3,Stable-Elevated,25,0.36,0.1978,0.1497
LGO,old_t3_full,m1m6,Stable-Elevated,25,0.52,0.6272,0.4099
LGO,old_t3_xgb,m1m6,Stable-Elevated,25,0.48,0.6402,0.4421
LGO,sfm_t4_combined,m1m6,Stable-Elevated,25,0.52,0.6272,0.4099
LGO,sfm_t4_xgb,m1m6,Stable-Elevated,25,0.48,0.6306,0.4322
LGO,sfm_t3_structural,m1m6,Stable-Elevated,25,0.56,0.6258,0.4099
LGO,sfm_t5_enhanced,m1m6,Stable-Elevated,25,0.52,0.6272,0.4099
LGO,sfm_t5_xgb,m1m6,Stable-Elevated,25,0.48,0.6293,0.4278
LGO,old_t3_full,fly123,Stable-Elevated,25,0.6,0.256,0.1739
LGO,old_t3_xgb,fly123,Stable-Elevated,25,0.48,0.2599,0.1825
LGO,sfm_t4_combined,fly123,Stable-Elevated,25,0.6,0.256,0.1739
LGO,sfm_t4_xgb,fly123,Stable-Elevated,25,0.4,0.2582,0.18
LGO,sfm_t3_structural,fly123,Stable-Elevated,25,0.6,0.256,0.1739
LGO,sfm_t5_enhanced,fly123,Stable-Elevated,25,0.6,0.256,0.1739
LGO,sfm_t5_xgb,fly123,Stable-Elevated,25,0.4,0.2584,0.1802
LGO,old_t3_full,fly136,Stable-Elevated,25,0.28,0.6852,0.4452
LGO,old_t3_xgb,fly136,Stable-Elevated,25,0.28,0.7188,0.5258
LGO,sfm_t4_combined,fly136,Stable-Elevated,25,0.28,0.6662,0.4111
LGO,sfm_t4_xgb,fly136,Stable-Elevated,25,0.28,0.7174,0.5271
LGO,sfm_t3_structural,fly136,Stable-Elevated,25,0.28,0.6662,0.4111
LGO,sfm_t5_enhanced,fly136,Stable-Elevated,25,0.28,0.6662,0.4111
LGO,sfm_t5_xgb,fly136,Stable-Elevated,25,0.28,0.7216,0.5337
LGO,old_t3_full,m1m2,Warm-Up,9,0.6667,0.6212,0.4359
LGO,old_t3_xgb,m1m2,Warm-Up,9,0.6667,0.6201,0.4336
LGO,sfm_t4_combined,m1m2,Warm-Up,9,0.3333,0.6178,0.4356
LGO,sfm_t4_xgb,m1m2,Warm-Up,9,0.6667,0.6216,0.4368
LGO,sfm_t3_structural,m1m2,Warm-Up,9,0.3333,0.5827,0.4421
LGO,sfm_t5_enhanced,m1m2,Warm-Up,9,0.3333,0.6197,0.4385
LGO,sfm_t5_xgb,m1m2,Warm-Up,9,0.3333,0.6226,0.4388
LGO,old_t3_full,m2m3,Warm-Up,9,0.5556,0.3872,0.2707
LGO,old_t3_xgb,m2m3,Warm-Up,9,0.4444,0.3838,0.2726
LGO,sfm_t4_combined,m2m3,Warm-Up,9,0.5556,0.3881,0.2628
LGO,sfm_t4_xgb,m2m3,Warm-Up,9,0.4444,0.3847,0.2742
LGO,sfm_t3_structural,m2m3,Warm-Up,9,0.5556,0.7394,0.6393
LGO,sfm_t5_enhanced,m2m3,Warm-Up,9,0.5556,0.3872,0.2704
LGO,sfm_t5_xgb,m2m3,Warm-Up,9,0.4444,0.3846,0.2719
LGO,old_t3_full,m1m6,Warm-Up,9,0.2222,1.5577,1.0876
LGO,old_t3_xgb,m1m6,Warm-Up,9,0.6667,1.4733,0.9669
LGO,sfm_t4_combined,m1m6,Warm-Up,9,0.3333,1.4702,1.074
LGO,sfm_t4_xgb,m1m6,Warm-Up,9,0.6667,1.4772,0.9715
LGO,sfm_t3_structural,m1m6,Warm-Up,9,0.3333,1.5262,1.1689
LGO,sfm_t5_enhanced,m1m6,Warm-Up,9,0.3333,1.4012,1.0092
LGO,sfm_t5_xgb,m1m6,Warm-Up,9,0.6667,1.4763,0.9713
LGO,old_t3_full,fly123,Warm-Up,9,0.3333,0.4538,0.2614
LGO,old_t3_xgb,fly123,Warm-Up,9,0.2222,0.4531,0.2553
LGO,sfm_t4_combined,fly123,Warm-Up,9,0.5556,0.4311,0.2403
LGO,sfm_t4_xgb,fly123,Warm-Up,9,0.6667,0.4521,0.2533
LGO,sfm_t3_structural,fly123,Warm-Up,9,0.6667,0.3849,0.1899
LGO,sfm_t5_enhanced,fly123,Warm-Up,9,0.7778,0.4381,0.2398
LGO,sfm_t5_xgb,fly123,Warm-Up,9,0.3333,0.4512,0.2542
LGO,old_t3_full,fly136,Warm-Up,9,0.3333,0.5059,0.3821
LGO,old_t3_xgb,fly136,Warm-Up,9,0.4444,0.5054,0.3815
LGO,sfm_t4_combined,fly136,Warm-Up,9,0.3333,0.5106,0.3777
LGO,sfm_t4_xgb,fly136,Warm-Up,9,0.3333,0.5084,0.3828
LGO,sfm_t3_structural,fly136,Warm-Up,9,0.3333,0.5092,0.3824
LGO,sfm_t5_enhanced,fly136,Warm-Up,9,0.4444,0.5879,0.3957
LGO,sfm_t5_xgb,fly136,Warm-Up,9,0.3333,0.5051,0.38
CL,old_t3_full,m1m2,ALL_REGIMES,53,0.6604,0.9469,0.4091
CL,old_t3_xgb,m1m2,ALL_REGIMES,32,0.5625,1.2815,0.6176
CL,sfm_t4_combined,m1m2,ALL_REGIMES,53,0.566,0.971,0.4037
CL,sfm_t4_xgb,m1m2,ALL_REGIMES,32,0.5938,1.2765,0.6176
CL,sfm_t3_structural,m1m2,ALL_REGIMES,53,0.566,0.9297,0.4063
CL,sfm_t5_enhanced,m1m2,ALL_REGIMES,53,0.5849,0.9937,0.4062
CL,sfm_t5_xgb,m1m2,ALL_REGIMES,32,0.7188,1.2748,0.6147
CL,old_t3_full,m2m3,ALL_REGIMES,53,0.566,0.7959,0.3335
CL,old_t3_xgb,m2m3,ALL_REGIMES,32,0.625,1.0737,0.516
CL,sfm_t4_combined,m2m3,ALL_REGIMES,53,0.5472,0.8038,0.337
CL,sfm_t4_xgb,m2m3,ALL_REGIMES,32,0.5625,1.0738,0.5163
CL,sfm_t3_structural,m2m3,ALL_REGIMES,53,0.5472,0.803,0.349
CL,sfm_t5_enhanced,m2m3,ALL_REGIMES,53,0.5283,0.8311,0.3392
CL,sfm_t5_xgb,m2m3,ALL_REGIMES,32,0.5625,1.0765,0.5173
CL,old_t3_full,m1m6,ALL_REGIMES,53,0.4528,2.6197,1.2112
CL,old_t3_xgb,m1m6,ALL_REGIMES,32,0.4688,3.5264,1.8384
CL,sfm_t4_combined,m1m6,ALL_REGIMES,53,0.4151,2.6536,1.2199
CL,sfm_t4_xgb,m1m6,ALL_REGIMES,32,0.4688,3.5188,1.8553
CL,sfm_t3_structural,m1m6,ALL_REGIMES,53,0.4151,2.689,1.4141
CL,sfm_t5_enhanced,m1m6,ALL_REGIMES,53,0.434,2.7655,1.3552
CL,sfm_t5_xgb,m1m6,ALL_REGIMES,32,0.4062,3.54,1.8668
CL,old_t3_full,fly123,ALL_REGIMES,53,0.4906,0.4427,0.2279
CL,old_t3_xgb,fly123,ALL_REGIMES,32,0.4688,0.568,0.3443
CL,sfm_t4_combined,fly123,ALL_REGIMES,53,0.4717,0.4364,0.2385
CL,sfm_t4_xgb,fly123,ALL_REGIMES,32,0.4688,0.5668,0.3451
CL,sfm_t3_structural,fly123,ALL_REGIMES,53,0.4906,0.4391,0.2297
CL,sfm_t5_enhanced,fly123,ALL_REGIMES,53,0.5283,0.4435,0.2301
CL,sfm_t5_xgb,fly123,ALL_REGIMES,32,0.4688,0.5679,0.3435
CL,old_t3_full,fly136,ALL_REGIMES,53,0.5283,1.152,0.4232
CL,old_t3_xgb,fly136,ALL_REGIMES,32,0.4062,1.4816,0.623
CL,sfm_t4_combined,fly136,ALL_REGIMES,53,0.5283,1.1586,0.4457
CL,sfm_t4_xgb,fly136,ALL_REGIMES,32,0.5312,1.4768,0.6161
CL,sfm_t3_structural,fly136,ALL_REGIMES,53,0.5283,1.1359,0.4234
CL,sfm_t5_enhanced,fly136,ALL_REGIMES,53,0.5283,1.2092,0.5203
CL,sfm_t5_xgb,fly136,ALL_REGIMES,32,0.4062,1.485,0.646
LCO,old_t3_full,m1m2,ALL_REGIMES,53,0.6604,0.7828,0.3851
LCO,old_t3_xgb,m1m2,ALL_REGIMES,32,0.75,1.0113,0.5399
LCO,sfm_t4_combined,m1m2,ALL_REGIMES,53,0.6792,0.7816,0.3873
LCO,sfm_t4_xgb,m1m2,ALL_REGIMES,32,0.75,1.012,0.54
LCO,sfm_t3_structural,m1m2,ALL_REGIMES,53,0.6792,0.7818,0.3876
LCO,sfm_t5_enhanced,m1m2,ALL_REGIMES,53,0.6792,0.7858,0.3747
LCO,sfm_t5_xgb,m1m2,ALL_REGIMES,32,0.75,1.0022,0.5365
LCO,old_t3_full,m2m3,ALL_REGIMES,53,0.6604,0.6978,0.3101
LCO,old_t3_xgb,m2m3,ALL_REGIMES,32,0.7188,0.8996,0.4633
LCO,sfm_t4_combined,m2m3,ALL_REGIMES,53,0.6415,0.691,0.3184
LCO,sfm_t4_xgb,m2m3,ALL_REGIMES,32,0.7188,0.8985,0.4671
LCO,sfm_t3_structural,m2m3,ALL_REGIMES,53,0.6226,0.686,0.3305
LCO,sfm_t5_enhanced,m2m3,ALL_REGIMES,53,0.6415,0.7004,0.3179
LCO,sfm_t5_xgb,m2m3,ALL_REGIMES,32,0.7188,0.9012,0.4637
LCO,old_t3_full,m1m6,ALL_REGIMES,53,0.6604,2.4931,1.1555
LCO,old_t3_xgb,m1m6,ALL_REGIMES,32,0.6562,3.2286,1.7333
LCO,sfm_t4_combined,m1m6,ALL_REGIMES,53,0.6415,2.4895,1.1897
LCO,sfm_t4_xgb,m1m6,ALL_REGIMES,32,0.6562,3.2379,1.7308
LCO,sfm_t3_structural,m1m6,ALL_REGIMES,53,0.6604,2.4619,1.1642
LCO,sfm_t5_enhanced,m1m6,ALL_REGIMES,53,0.6792,2.5146,1.1779
LCO,sfm_t5_xgb,m1m6,ALL_REGIMES,32,0.6562,3.2118,1.7227
LCO,old_t3_full,fly123,ALL_REGIMES,53,0.566,0.2914,0.1771
LCO,old_t3_xgb,fly123,ALL_REGIMES,32,0.5312,0.3477,0.1865
LCO,sfm_t4_combined,fly123,ALL_REGIMES,53,0.5472,0.2829,0.1663
LCO,sfm_t4_xgb,fly123,ALL_REGIMES,32,0.5312,0.3476,0.1903
LCO,sfm_t3_structural,fly123,ALL_REGIMES,53,0.566,0.2875,0.1763
LCO,sfm_t5_enhanced,fly123,ALL_REGIMES,53,0.5094,0.2848,0.1601
LCO,sfm_t5_xgb,fly123,ALL_REGIMES,32,0.5,0.3455,0.1899
LCO,old_t3_full,fly136,ALL_REGIMES,53,0.6226,0.5609,0.3132
LCO,old_t3_xgb,fly136,ALL_REGIMES,32,0.6562,0.6806,0.3941
LCO,sfm_t4_combined,fly136,ALL_REGIMES,53,0.6604,0.5301,0.3007
LCO,sfm_t4_xgb,fly136,ALL_REGIMES,32,0.6562,0.6801,0.389
LCO,sfm_t3_structural,fly136,ALL_REGIMES,53,0.6415,0.5391,0.3117
LCO,sfm_t5_enhanced,fly136,ALL_REGIMES,53,0.6226,0.5227,0.2854
LCO,sfm_t5_xgb,fly136,ALL_REGIMES,32,0.5938,0.6759,0.3929
HO,old_t3_full,m1m2,ALL_REGIMES,44,0.4545,0.6684,0.4176
HO,sfm_t4_combined,m1m2,ALL_REGIMES,44,0.5227,0.7522,0.4679
HO,sfm_t3_structural,m1m2,ALL_REGIMES,44,0.5682,0.8868,0.5043
HO,sfm_t5_enhanced,m1m2,ALL_REGIMES,44,0.5,0.7398,0.4627
HO,old_t3_full,m2m3,ALL_REGIMES,44,0.6591,0.3479,0.2476
HO,sfm_t4_combined,m2m3,ALL_REGIMES,44,0.5909,0.3271,0.2301
HO,sfm_t3_structural,m2m3,ALL_REGIMES,44,0.6591,0.3729,0.2551
HO,sfm_t5_enhanced,m2m3,ALL_REGIMES,44,0.6591,0.3356,0.2384
HO,old_t3_full,m1m6,ALL_REGIMES,44,0.3864,1.0854,0.8051
HO,sfm_t4_combined,m1m6,ALL_REGIMES,44,0.4091,1.0542,0.7774
HO,sfm_t3_structural,m1m6,ALL_REGIMES,44,0.4091,1.0781,0.804
HO,sfm_t5_enhanced,m1m6,ALL_REGIMES,44,0.3864,1.0787,0.7997
HO,old_t3_full,fly123,ALL_REGIMES,44,0.4545,0.6242,0.3689
HO,sfm_t4_combined,fly123,ALL_REGIMES,44,0.5909,0.8006,0.4163
HO,sfm_t3_structural,fly123,ALL_REGIMES,44,0.5682,0.7842,0.4108
HO,sfm_t5_enhanced,fly123,ALL_REGIMES,44,0.4545,0.6223,0.3588
HO,old_t3_full,fly136,ALL_REGIMES,44,0.5909,1.1676,0.7359
HO,sfm_t4_combined,fly136,ALL_REGIMES,44,0.4545,1.7535,1.151
HO,sfm_t3_structural,fly136,ALL_REGIMES,44,0.5,1.8207,1.1456
HO,sfm_t5_enhanced,fly136,ALL_REGIMES,44,0.4773,1.3647,0.9892
HO,old_t3_xgb,m1m2,ALL_REGIMES,34,0.4118,0.7454,0.489
HO,sfm_t4_xgb,m1m2,ALL_REGIMES,34,0.4118,0.7438,0.4899
HO,sfm_t5_xgb,m1m2,ALL_REGIMES,34,0.4118,0.7393,0.4849
HO,old_t3_xgb,m2m3,ALL_REGIMES,34,0.6471,0.3587,0.2572
HO,sfm_t4_xgb,m2m3,ALL_REGIMES,34,0.6471,0.3602,0.2624
HO,sfm_t5_xgb,m2m3,ALL_REGIMES,34,0.6471,0.3634,0.2649
HO,old_t3_xgb,m1m6,ALL_REGIMES,34,0.3529,1.1493,0.8601
HO,sfm_t4_xgb,m1m6,ALL_REGIMES,34,0.3529,1.1513,0.8659
HO,sfm_t5_xgb,m1m6,ALL_REGIMES,34,0.3529,1.1532,0.8679
HO,old_t3_xgb,fly123,ALL_REGIMES,34,0.4706,0.6683,0.3929
HO,sfm_t4_xgb,fly123,ALL_REGIMES,34,0.4706,0.6706,0.3947
HO,sfm_t5_xgb,fly123,ALL_REGIMES,34,0.4706,0.6661,0.389
HO,old_t3_xgb,fly136,ALL_REGIMES,34,0.6471,1.2282,0.7838
HO,sfm_t4_xgb,fly136,ALL_REGIMES,34,0.6471,1.2132,0.7814
HO,sfm_t5_xgb,fly136,ALL_REGIMES,34,0.6471,1.2204,0.7798
LGO,old_t3_full,m1m2,ALL_REGIMES,44,0.6136,0.393,0.2592
LGO,sfm_t4_combined,m1m2,ALL_REGIMES,44,0.5455,0.3916,0.259
LGO,sfm_t3_structural,m1m2,ALL_REGIMES,44,0.5455,0.3814,0.2612
LGO,sfm_t5_enhanced,m1m2,ALL_REGIMES,44,0.5455,0.3923,0.2596
LGO,old_t3_full,m2m3,ALL_REGIMES,44,0.4545,0.2643,0.1677
LGO,sfm_t4_combined,m2m3,ALL_REGIMES,44,0.4545,0.264,0.1659
LGO,sfm_t3_structural,m2m3,ALL_REGIMES,44,0.4545,0.3882,0.2431
LGO,sfm_t5_enhanced,m2m3,ALL_REGIMES,44,0.4545,0.2638,0.1675
LGO,old_t3_full,m1m6,ALL_REGIMES,44,0.4773,0.9436,0.5623
LGO,sfm_t4_combined,m1m6,ALL_REGIMES,44,0.5,0.9132,0.5591
LGO,sfm_t3_structural,m1m6,ALL_REGIMES,44,0.5227,0.9311,0.5785
LGO,sfm_t5_enhanced,m1m6,ALL_REGIMES,44,0.5,0.891,0.5459
LGO,old_t3_full,fly123,ALL_REGIMES,44,0.5,0.294,0.1866
LGO,sfm_t4_combined,fly123,ALL_REGIMES,44,0.5682,0.2869,0.1824
LGO,sfm_t3_structural,fly123,ALL_REGIMES,44,0.5455,0.2717,0.1696
LGO,sfm_t5_enhanced,fly123,ALL_REGIMES,44,0.6136,0.2892,0.1823
LGO,old_t3_full,fly136,ALL_REGIMES,44,0.3409,0.5837,0.3813
LGO,sfm_t4_combined,fly136,ALL_REGIMES,44,0.3636,0.5851,0.384
LGO,sfm_t3_structural,fly136,ALL_REGIMES,44,0.3636,0.5729,0.3627
LGO,sfm_t5_enhanced,fly136,ALL_REGIMES,44,0.3864,0.6107,0.4068
LGO,old_t3_xgb,m1m2,ALL_REGIMES,34,0.4118,0.439,0.3113
LGO,sfm_t4_xgb,m1m2,ALL_REGIMES,34,0.4118,0.4367,0.31
LGO,sfm_t5_xgb,m1m2,ALL_REGIMES,34,0.3235,0.4397,0.3153
LGO,old_t3_xgb,m2m3,ALL_REGIMES,34,0.3824,0.2633,0.1882
LGO,sfm_t4_xgb,m2m3,ALL_REGIMES,34,0.3824,0.2649,0.1918
LGO,sfm_t5_xgb,m2m3,ALL_REGIMES,34,0.3824,0.2606,0.182
LGO,old_t3_xgb,m1m6,ALL_REGIMES,34,0.5294,0.9359,0.581
LGO,sfm_t4_xgb,m1m6,ALL_REGIMES,34,0.5294,0.9327,0.575
LGO,sfm_t5_xgb,m1m6,ALL_REGIMES,34,0.5294,0.9318,0.5717
LGO,old_t3_xgb,fly123,ALL_REGIMES,34,0.4118,0.3225,0.2017
LGO,sfm_t4_xgb,fly123,ALL_REGIMES,34,0.4706,0.3211,0.1994
LGO,sfm_t5_xgb,fly123,ALL_REGIMES,34,0.3824,0.3209,0.1998
LGO,old_t3_xgb,fly136,ALL_REGIMES,34,0.3235,0.669,0.4876
LGO,sfm_t4_xgb,fly136,ALL_REGIMES,34,0.2941,0.6684,0.4889
LGO,sfm_t5_xgb,fly136,ALL_REGIMES,34,0.2941,0.6711,0.493
